isolate_code,study,genus,species,name,group,temperature,r
7,Jacques (1983),Chaetoceros,deflandrei,Chaetoceros deflandrei,diatoms,3,0.284190344
7,Jacques (1983),Chaetoceros,deflandrei,Chaetoceros deflandrei,diatoms,15,0.322
7,Jacques (1983),Chaetoceros,deflandrei,Chaetoceros deflandrei,diatoms,13,0.33
7,Jacques (1983),Chaetoceros,deflandrei,Chaetoceros deflandrei,diatoms,2,0.39
7,Jacques (1983),Chaetoceros,deflandrei,Chaetoceros deflandrei,diatoms,5,0.436682724
7,Jacques (1983),Chaetoceros,deflandrei,Chaetoceros deflandrei,diatoms,7,0.450545667
7,Jacques (1983),Chaetoceros,deflandrei,Chaetoceros deflandrei,diatoms,10,0.450545667
7,Jacques (1983),Chaetoceros,deflandrei,Chaetoceros deflandrei,diatoms,10,0.494
7,Jacques (1983),Chaetoceros,deflandrei,Chaetoceros deflandrei,diatoms,5,0.546
7,Jacques (1983),Chaetoceros,deflandrei,Chaetoceros deflandrei,diatoms,7,0.549
7,Jacques (1983),Chaetoceros,deflandrei,Chaetoceros deflandrei,diatoms,5,0.591
7,Jacques (1983),Chaetoceros,deflandrei,Chaetoceros deflandrei,diatoms,7,0.691
7,Jacques (1983),Chaetoceros,deflandrei,Chaetoceros deflandrei,diatoms,10,0.699
7,Jacques (1983),Chaetoceros,deflandrei,Chaetoceros deflandrei,diatoms,15,0.725
7,Jacques (1983),Chaetoceros,deflandrei,Chaetoceros deflandrei,diatoms,10,0.732
7,Jacques (1983),Chaetoceros,deflandrei,Chaetoceros deflandrei,diatoms,13,0.732
7,Jacques (1983),Chaetoceros,deflandrei,Chaetoceros deflandrei,diatoms,10,0.747
7,Jacques (1983),Chaetoceros,deflandrei,Chaetoceros deflandrei,diatoms,13,0.747
7,Jacques (1983),Chaetoceros,deflandrei,Chaetoceros deflandrei,diatoms,15,0.762
7,Jacques (1983),Chaetoceros,deflandrei,Chaetoceros deflandrei,diatoms,15,0.79
7,Jacques (1983),Chaetoceros,deflandrei,Chaetoceros deflandrei,diatoms,7,0.806
7,Jacques (1983),Chaetoceros,deflandrei,Chaetoceros deflandrei,diatoms,5,0.828
7,Jacques (1983),Chaetoceros,deflandrei,Chaetoceros deflandrei,diatoms,7,0.829
7,Jacques (1983),Chaetoceros,deflandrei,Chaetoceros deflandrei,diatoms,5,0.876
8,Fiala & Oriol (1990),Corethron,pennatum,Corethron pennatum,diatoms,6,0.127
8,Fiala & Oriol (1990),Corethron,pennatum,Corethron pennatum,diatoms,6,0.129
8,Fiala & Oriol (1990),Corethron,pennatum,Corethron pennatum,diatoms,6,0.151
8,Fiala & Oriol (1990),Corethron,pennatum,Corethron pennatum,diatoms,0,0.171
8,Fiala & Oriol (1990),Corethron,pennatum,Corethron pennatum,diatoms,2,0.181
8,Fiala & Oriol (1990),Corethron,pennatum,Corethron pennatum,diatoms,2,0.208
8,Fiala & Oriol (1990),Corethron,pennatum,Corethron pennatum,diatoms,2,0.236
8,Fiala & Oriol (1990),Corethron,pennatum,Corethron pennatum,diatoms,4,0.241
8,Fiala & Oriol (1990),Corethron,pennatum,Corethron pennatum,diatoms,0,0.243
8,Fiala & Oriol (1990),Corethron,pennatum,Corethron pennatum,diatoms,4,0.251
8,Fiala & Oriol (1990),Corethron,pennatum,Corethron pennatum,diatoms,0,0.261
8,Fiala & Oriol (1990),Corethron,pennatum,Corethron pennatum,diatoms,2,0.268
8,Fiala & Oriol (1990),Corethron,pennatum,Corethron pennatum,diatoms,0,0.298
8,Fiala & Oriol (1990),Corethron,pennatum,Corethron pennatum,diatoms,4,0.34
8,Fiala & Oriol (1990),Corethron,pennatum,Corethron pennatum,diatoms,4,0.375
9,Fiala & Oriol (1990),Fragilariopsis,cylindrus,Fragilariopsis cylindrus,diatoms,7,0.271
9,Fiala & Oriol (1990),Fragilariopsis,cylindrus,Fragilariopsis cylindrus,diatoms,9,0.276
9,Fiala & Oriol (1990),Fragilariopsis,cylindrus,Fragilariopsis cylindrus,diatoms,0,0.449
9,Fiala & Oriol (1990),Fragilariopsis,cylindrus,Fragilariopsis cylindrus,diatoms,3,0.456
9,Fiala & Oriol (1990),Fragilariopsis,cylindrus,Fragilariopsis cylindrus,diatoms,5,0.501
9,Fiala & Oriol (1990),Fragilariopsis,cylindrus,Fragilariopsis cylindrus,diatoms,7,0.516
9,Fiala & Oriol (1990),Fragilariopsis,cylindrus,Fragilariopsis cylindrus,diatoms,9,0.536
9,Fiala & Oriol (1990),Fragilariopsis,cylindrus,Fragilariopsis cylindrus,diatoms,7,0.551
9,Fiala & Oriol (1990),Fragilariopsis,cylindrus,Fragilariopsis cylindrus,diatoms,9,0.569
9,Fiala & Oriol (1990),Fragilariopsis,cylindrus,Fragilariopsis cylindrus,diatoms,3,0.571
9,Fiala & Oriol (1990),Fragilariopsis,cylindrus,Fragilariopsis cylindrus,diatoms,0,0.649
9,Fiala & Oriol (1990),Fragilariopsis,cylindrus,Fragilariopsis cylindrus,diatoms,3,0.649
9,Fiala & Oriol (1990),Fragilariopsis,cylindrus,Fragilariopsis cylindrus,diatoms,7,0.672
9,Fiala & Oriol (1990),Fragilariopsis,cylindrus,Fragilariopsis cylindrus,diatoms,9,0.672
9,Fiala & Oriol (1990),Fragilariopsis,cylindrus,Fragilariopsis cylindrus,diatoms,5,0.674
9,Fiala & Oriol (1990),Fragilariopsis,cylindrus,Fragilariopsis cylindrus,diatoms,0,0.709
9,Fiala & Oriol (1990),Fragilariopsis,cylindrus,Fragilariopsis cylindrus,diatoms,3,0.709
9,Fiala & Oriol (1990),Fragilariopsis,cylindrus,Fragilariopsis cylindrus,diatoms,0,0.779
9,Fiala & Oriol (1990),Fragilariopsis,cylindrus,Fragilariopsis cylindrus,diatoms,5,0.779
9,Fiala & Oriol (1990),Fragilariopsis,cylindrus,Fragilariopsis cylindrus,diatoms,5,0.852
10,Jacques (1983),Fragilariopsis,kerguelensis,Fragilariopsis kerguelensis,diatoms,3,0.173286795
10,Jacques (1983),Fragilariopsis,kerguelensis,Fragilariopsis kerguelensis,diatoms,7,0.295
10,Jacques (1983),Fragilariopsis,kerguelensis,Fragilariopsis kerguelensis,diatoms,0,0.312
10,Jacques (1983),Fragilariopsis,kerguelensis,Fragilariopsis kerguelensis,diatoms,7,0.319
10,Jacques (1983),Fragilariopsis,kerguelensis,Fragilariopsis kerguelensis,diatoms,5,0.332710647
10,Jacques (1983),Fragilariopsis,kerguelensis,Fragilariopsis kerguelensis,diatoms,7,0.364
10,Jacques (1983),Fragilariopsis,kerguelensis,Fragilariopsis kerguelensis,diatoms,7,0.458
10,Jacques (1983),Fragilariopsis,kerguelensis,Fragilariopsis kerguelensis,diatoms,0,0.502
10,Jacques (1983),Fragilariopsis,kerguelensis,Fragilariopsis kerguelensis,diatoms,3,0.51
10,Jacques (1983),Fragilariopsis,kerguelensis,Fragilariopsis kerguelensis,diatoms,0,0.545
10,Jacques (1983),Fragilariopsis,kerguelensis,Fragilariopsis kerguelensis,diatoms,4,0.547
10,Jacques (1983),Fragilariopsis,kerguelensis,Fragilariopsis kerguelensis,diatoms,0,0.562
10,Jacques (1983),Fragilariopsis,kerguelensis,Fragilariopsis kerguelensis,diatoms,3,0.564
10,Jacques (1983),Fragilariopsis,kerguelensis,Fragilariopsis kerguelensis,diatoms,3,0.579
10,Jacques (1983),Fragilariopsis,kerguelensis,Fragilariopsis kerguelensis,diatoms,4,0.606
10,Jacques (1983),Fragilariopsis,kerguelensis,Fragilariopsis kerguelensis,diatoms,3,0.631
10,Jacques (1983),Fragilariopsis,kerguelensis,Fragilariopsis kerguelensis,diatoms,4,0.71
10,Jacques (1983),Fragilariopsis,kerguelensis,Fragilariopsis kerguelensis,diatoms,4,0.78
11,Jacques (1983),Pseudo-nitzschia,turgiduloides,Pseudo-nitzschia turgiduloides,diatoms,8,0.26
11,Jacques (1983),Pseudo-nitzschia,turgiduloides,Pseudo-nitzschia turgiduloides,diatoms,1,0.298
11,Jacques (1983),Pseudo-nitzschia,turgiduloides,Pseudo-nitzschia turgiduloides,diatoms,5,0.304984759
11,Jacques (1983),Pseudo-nitzschia,turgiduloides,Pseudo-nitzschia turgiduloides,diatoms,7,0.304984759
11,Jacques (1983),Pseudo-nitzschia,turgiduloides,Pseudo-nitzschia turgiduloides,diatoms,3,0.311916231
11,Jacques (1983),Pseudo-nitzschia,turgiduloides,Pseudo-nitzschia turgiduloides,diatoms,7,0.322
11,Jacques (1983),Pseudo-nitzschia,turgiduloides,Pseudo-nitzschia turgiduloides,diatoms,1,0.323
11,Jacques (1983),Pseudo-nitzschia,turgiduloides,Pseudo-nitzschia turgiduloides,diatoms,8,0.33
11,Jacques (1983),Pseudo-nitzschia,turgiduloides,Pseudo-nitzschia turgiduloides,diatoms,8,0.355
11,Jacques (1983),Pseudo-nitzschia,turgiduloides,Pseudo-nitzschia turgiduloides,diatoms,8,0.39
11,Jacques (1983),Pseudo-nitzschia,turgiduloides,Pseudo-nitzschia turgiduloides,diatoms,3,0.413
11,Jacques (1983),Pseudo-nitzschia,turgiduloides,Pseudo-nitzschia turgiduloides,diatoms,1,0.428
11,Jacques (1983),Pseudo-nitzschia,turgiduloides,Pseudo-nitzschia turgiduloides,diatoms,7,0.444
11,Jacques (1983),Pseudo-nitzschia,turgiduloides,Pseudo-nitzschia turgiduloides,diatoms,5,0.46
11,Jacques (1983),Pseudo-nitzschia,turgiduloides,Pseudo-nitzschia turgiduloides,diatoms,1,0.481
11,Jacques (1983),Pseudo-nitzschia,turgiduloides,Pseudo-nitzschia turgiduloides,diatoms,7,0.494
11,Jacques (1983),Pseudo-nitzschia,turgiduloides,Pseudo-nitzschia turgiduloides,diatoms,5,0.59
11,Jacques (1983),Pseudo-nitzschia,turgiduloides,Pseudo-nitzschia turgiduloides,diatoms,3,0.613
11,Jacques (1983),Pseudo-nitzschia,turgiduloides,Pseudo-nitzschia turgiduloides,diatoms,5,0.67
11,Jacques (1983),Pseudo-nitzschia,turgiduloides,Pseudo-nitzschia turgiduloides,diatoms,3,0.71
11,Jacques (1983),Pseudo-nitzschia,turgiduloides,Pseudo-nitzschia turgiduloides,diatoms,3,0.728
12,Fiala & Oriol (1990),Stellarima,microtrias,Stellarima microtrias,diatoms,7,0.408
12,Fiala & Oriol (1990),Stellarima,microtrias,Stellarima microtrias,diatoms,7,0.425
12,Fiala & Oriol (1990),Stellarima,microtrias,Stellarima microtrias,diatoms,7,0.453
12,Fiala & Oriol (1990),Stellarima,microtrias,Stellarima microtrias,diatoms,7,0.478
12,Fiala & Oriol (1990),Stellarima,microtrias,Stellarima microtrias,diatoms,1,0.495
12,Fiala & Oriol (1990),Stellarima,microtrias,Stellarima microtrias,diatoms,4,0.53
12,Fiala & Oriol (1990),Stellarima,microtrias,Stellarima microtrias,diatoms,1,0.6
12,Fiala & Oriol (1990),Stellarima,microtrias,Stellarima microtrias,diatoms,4,0.617
12,Fiala & Oriol (1990),Stellarima,microtrias,Stellarima microtrias,diatoms,1,0.766
12,Fiala & Oriol (1990),Stellarima,microtrias,Stellarima microtrias,diatoms,4,0.774
12,Fiala & Oriol (1990),Stellarima,microtrias,Stellarima microtrias,diatoms,1,0.801
12,Fiala & Oriol (1990),Stellarima,microtrias,Stellarima microtrias,diatoms,4,0.846
13,Fiala & Oriol (1990),Synedra,nd,Synedra,diatoms,1,0.303
13,Fiala & Oriol (1990),Synedra,nd,Synedra,diatoms,7,0.37
13,Fiala & Oriol (1990),Synedra,nd,Synedra,diatoms,5,0.387
13,Fiala & Oriol (1990),Synedra,nd,Synedra,diatoms,7,0.397
13,Fiala & Oriol (1990),Synedra,nd,Synedra,diatoms,1,0.407
13,Fiala & Oriol (1990),Synedra,nd,Synedra,diatoms,7,0.414
13,Fiala & Oriol (1990),Synedra,nd,Synedra,diatoms,7,0.432
13,Fiala & Oriol (1990),Synedra,nd,Synedra,diatoms,1,0.442
13,Fiala & Oriol (1990),Synedra,nd,Synedra,diatoms,1,0.494
13,Fiala & Oriol (1990),Synedra,nd,Synedra,diatoms,5,0.519
13,Fiala & Oriol (1990),Synedra,nd,Synedra,diatoms,5,0.529
13,Fiala & Oriol (1990),Synedra,nd,Synedra,diatoms,5,0.561
14,Rhodes et al. (1995),Emiliania,huxleyi,nd,coccolithophores,15,0.544120537
14,Rhodes et al. (1995),Emiliania,huxleyi,nd,coccolithophores,25,0.970406053
14,Rhodes et al. (1995),Emiliania,huxleyi,nd,coccolithophores,20,0.97595123
15,Buitenhuis et al. (2008),Emiliania,huxleyi,nd,coccolithophores,9,0.226
15,Buitenhuis et al. (2008),Emiliania,huxleyi,nd,coccolithophores,20,1.377
15,Buitenhuis et al. (2008),Emiliania,huxleyi,nd,coccolithophores,6,0.32
15,Buitenhuis et al. (2008),Emiliania,huxleyi,nd,coccolithophores,12,0.681
15,Buitenhuis et al. (2008),Emiliania,huxleyi,nd,coccolithophores,15,0.97
15,Buitenhuis et al. (2008),Emiliania,huxleyi,nd,coccolithophores,25,0.813
24,Rhodes et al. (1995),Gephyrocapsa,oceanica,nd,coccolithophores,15,0.469260641
24,Rhodes et al. (1995),Gephyrocapsa,oceanica,nd,coccolithophores,12,0.429751252
24,Rhodes et al. (1995),Gephyrocapsa,oceanica,nd,coccolithophores,20,1.178350207
24,Rhodes et al. (1995),Gephyrocapsa,oceanica,nd,coccolithophores,21,0.883069508
24,Rhodes et al. (1995),Gephyrocapsa,oceanica,nd,coccolithophores,27,0.905250218
24,Rhodes et al. (1995),Gephyrocapsa,oceanica,nd,coccolithophores,10,0.580857337
24,Rhodes et al. (1995),Gephyrocapsa,oceanica,nd,coccolithophores,18,0.814447937
24,Rhodes et al. (1995),Gephyrocapsa,oceanica,nd,coccolithophores,15,1.029323563
24,Rhodes et al. (1995),Gephyrocapsa,oceanica,nd,coccolithophores,24,0.927430928
24,Rhodes et al. (1995),Gephyrocapsa,oceanica,nd,coccolithophores,25,0.938521282
24,Rhodes et al. (1995),Gephyrocapsa,oceanica,nd,coccolithophores,27,0.736122306
25,Cannon (1993),Alexandrium,minutum,Alexandrium minutum,dinoflagellates,12,0.10327893
25,Cannon (1993),Alexandrium,minutum,Alexandrium minutum,dinoflagellates,16,0.266861665
25,Cannon (1993),Alexandrium,minutum,Alexandrium minutum,dinoflagellates,25,0.289042374
25,Cannon (1993),Alexandrium,minutum,Alexandrium minutum,dinoflagellates,20,0.301519024
26,Buitenhuis et al. (2008),Calcidiscus,leptoporus,nd,coccolithophores,20,0.305
26,Buitenhuis et al. (2008),Calcidiscus,leptoporus,nd,coccolithophores,9,0.014
26,Buitenhuis et al. (2008),Calcidiscus,leptoporus,nd,coccolithophores,15,0.317
26,Buitenhuis et al. (2008),Calcidiscus,leptoporus,nd,coccolithophores,12,0.569
30,Conte et al. (1998),Emiliania,huxleyi,nd,coccolithophores,24,0.879603772
30,Conte et al. (1998),Emiliania,huxleyi,nd,coccolithophores,27,0.850491591
30,Conte et al. (1998),Emiliania,huxleyi,nd,coccolithophores,21,0.805437024
30,Conte et al. (1998),Emiliania,huxleyi,nd,coccolithophores,18,0.649478908
30,Conte et al. (1998),Emiliania,huxleyi,nd,coccolithophores,12,0.304291612
30,Conte et al. (1998),Emiliania,huxleyi,nd,coccolithophores,15,0.419354044
30,Conte et al. (1998),Emiliania,huxleyi,nd,coccolithophores,27,0.607890077
32,Buitenhuis et al. (2008),Coccolithus,pelagicus,nd,coccolithophores,15,0.388
32,Buitenhuis et al. (2008),Coccolithus,pelagicus,nd,coccolithophores,20,0.357
32,Buitenhuis et al. (2008),Coccolithus,pelagicus,nd,coccolithophores,6,0.141
32,Buitenhuis et al. (2008),Coccolithus,pelagicus,nd,coccolithophores,12,0.343
33,Buitenhuis et al. (2008),Calcidiscus,leptoporus,nd,coccolithophores,12,0.343
33,Buitenhuis et al. (2008),Calcidiscus,leptoporus,nd,coccolithophores,9,0.014
33,Buitenhuis et al. (2008),Calcidiscus,leptoporus,nd,coccolithophores,20,0.442
33,Buitenhuis et al. (2008),Calcidiscus,leptoporus,nd,coccolithophores,15,0.388
35,Renaud et al. (2002),Chaetoceros,nd,Chaetoceros,diatoms,25,0.74
35,Renaud et al. (2002),Chaetoceros,nd,Chaetoceros,diatoms,33,0.76
35,Renaud et al. (2002),Chaetoceros,nd,Chaetoceros,diatoms,35,0.78
35,Renaud et al. (2002),Chaetoceros,nd,Chaetoceros,diatoms,27,0.84
35,Renaud et al. (2002),Chaetoceros,nd,Chaetoceros,diatoms,30,0.87
40,Renaud et al. (1995),Cylindrotheca,closterium,Cylindrotheca closterium,diatoms,35,0.08
40,Renaud et al. (1995),Cylindrotheca,closterium,Cylindrotheca closterium,diatoms,30,0.31
40,Renaud et al. (1995),Cylindrotheca,closterium,Cylindrotheca closterium,diatoms,20,0.38
40,Renaud et al. (1995),Cylindrotheca,closterium,Cylindrotheca closterium,diatoms,25,0.38
41,Renaud et al. (1995),Nitzschia,paleacea,Nitzschia paleacea,diatoms,10,0.2
41,Renaud et al. (1995),Nitzschia,paleacea,Nitzschia paleacea,diatoms,20,0.34
41,Renaud et al. (1995),Nitzschia,paleacea,Nitzschia paleacea,diatoms,25,0.35
41,Renaud et al. (1995),Nitzschia,paleacea,Nitzschia paleacea,diatoms,15,0.38
45,Meier et al. (2004),Pernambugia,tuberosa,nd,dinoflagellates,25,0.295973846
45,Meier et al. (2004),Pernambugia,tuberosa,nd,dinoflagellates,26.6,0.273099989
45,Meier et al. (2004),Pernambugia,tuberosa,nd,dinoflagellates,23.3,0.335483235
45,Meier et al. (2004),Pernambugia,tuberosa,nd,dinoflagellates,18.2,0.170514206
45,Meier et al. (2004),Pernambugia,tuberosa,nd,dinoflagellates,19.8,0.29250811
45,Meier et al. (2004),Pernambugia,tuberosa,nd,dinoflagellates,28.4,0.264089076
45,Meier et al. (2004),Pernambugia,tuberosa,nd,dinoflagellates,21.7,0.361129681
45,Meier et al. (2004),Pernambugia,tuberosa,nd,dinoflagellates,16.5,0.198933241
45,Meier et al. (2004),Pernambugia,tuberosa,nd,dinoflagellates,14.9,0.146947202
49,Hulburt & Guillard (1968),Skeletonema,tropicum,Skeletonema tropicum,diatoms,13,0.083177662
49,Hulburt & Guillard (1968),Skeletonema,tropicum,Skeletonema tropicum,diatoms,19,1.109035489
49,Hulburt & Guillard (1968),Skeletonema,tropicum,Skeletonema tropicum,diatoms,16,1.178350207
49,Hulburt & Guillard (1968),Skeletonema,tropicum,Skeletonema tropicum,diatoms,33.5,1.375897153
49,Hulburt & Guillard (1968),Skeletonema,tropicum,Skeletonema tropicum,diatoms,23,1.524923797
49,Hulburt & Guillard (1968),Skeletonema,tropicum,Skeletonema tropicum,diatoms,31,1.663553233
49,Hulburt & Guillard (1968),Skeletonema,tropicum,Skeletonema tropicum,diatoms,28,1.802182669
49,Hulburt & Guillard (1968),Skeletonema,tropicum,Skeletonema tropicum,diatoms,25,2.079441542
50,Hulburt & Guillard (1968),Skeletonema,tropicum,Skeletonema tropicum,diatoms,17,0.207944154
50,Hulburt & Guillard (1968),Skeletonema,tropicum,Skeletonema tropicum,diatoms,27,0.831776617
50,Hulburt & Guillard (1968),Skeletonema,tropicum,Skeletonema tropicum,diatoms,21,1.039720771
50,Hulburt & Guillard (1968),Skeletonema,tropicum,Skeletonema tropicum,diatoms,24,1.109035489
50,Hulburt & Guillard (1968),Skeletonema,tropicum,Skeletonema tropicum,diatoms,31,1.663553233
51,Hulburt (1982),Asterionellopsis,glacialis,Asterionellopsis glacialis,diatoms,8,0.07624619
51,Hulburt (1982),Asterionellopsis,glacialis,Asterionellopsis glacialis,diatoms,11,0.492134498
51,Hulburt (1982),Asterionellopsis,glacialis,Asterionellopsis glacialis,diatoms,12.5,0.554517744
51,Hulburt (1982),Asterionellopsis,glacialis,Asterionellopsis glacialis,diatoms,14.5,0.824845145
51,Hulburt (1982),Asterionellopsis,glacialis,Asterionellopsis glacialis,diatoms,17,1.15062432
51,Hulburt (1982),Asterionellopsis,glacialis,Asterionellopsis glacialis,diatoms,24,1.157555792
51,Hulburt (1982),Asterionellopsis,glacialis,Asterionellopsis glacialis,diatoms,34,1.240733453
51,Hulburt (1982),Asterionellopsis,glacialis,Asterionellopsis glacialis,diatoms,21,1.275390812
51,Hulburt (1982),Asterionellopsis,glacialis,Asterionellopsis glacialis,diatoms,27,1.351637002
51,Hulburt (1982),Asterionellopsis,glacialis,Asterionellopsis glacialis,diatoms,31,1.642758818
52,Hulburt (1982),Odontella,mobiliensis,Odontella mobiliensis,diatoms,14.5,0.214875626
52,Hulburt (1982),Odontella,mobiliensis,Odontella mobiliensis,diatoms,34,0.464408611
52,Hulburt (1982),Odontella,mobiliensis,Odontella mobiliensis,diatoms,31,0.99813194
52,Hulburt (1982),Odontella,mobiliensis,Odontella mobiliensis,diatoms,24,1.039720771
52,Hulburt (1982),Odontella,mobiliensis,Odontella mobiliensis,diatoms,21,1.095172545
52,Hulburt (1982),Odontella,mobiliensis,Odontella mobiliensis,diatoms,27,1.351637002
53,Hulburt (1982),Chaetoceros,didymus,Chaetoceros didymus,diatoms,12.5,0.291121816
53,Hulburt (1982),Chaetoceros,didymus,Chaetoceros didymus,diatoms,27,1.046652243
53,Hulburt (1982),Chaetoceros,didymus,Chaetoceros didymus,diatoms,31,1.15062432
53,Hulburt (1982),Chaetoceros,didymus,Chaetoceros didymus,diatoms,14.5,1.213007566
53,Hulburt (1982),Chaetoceros,didymus,Chaetoceros didymus,diatoms,17,1.247664925
53,Hulburt (1982),Chaetoceros,didymus,Chaetoceros didymus,diatoms,24,1.310048171
53,Hulburt (1982),Chaetoceros,didymus,Chaetoceros didymus,diatoms,21,1.441746136
54,Hulburt (1982),Rhizosolenia,setigera,Rhizosolenia setigera,diatoms,12.5,0.249532985
54,Hulburt (1982),Rhizosolenia,setigera,Rhizosolenia setigera,diatoms,14.5,0.582243632
54,Hulburt (1982),Rhizosolenia,setigera,Rhizosolenia setigera,diatoms,31,0.693147181
54,Hulburt (1982),Rhizosolenia,setigera,Rhizosolenia setigera,diatoms,17,0.92188575
54,Hulburt (1982),Rhizosolenia,setigera,Rhizosolenia setigera,diatoms,24,1.053583714
54,Hulburt (1982),Rhizosolenia,setigera,Rhizosolenia setigera,diatoms,21,1.129829904
54,Hulburt (1982),Rhizosolenia,setigera,Rhizosolenia setigera,diatoms,27,1.351637002
55,Hulburt (1982),Skeletonema,tropicum,Skeletonema tropicum,diatoms,12.5,0.166355323
55,Hulburt (1982),Skeletonema,tropicum,Skeletonema tropicum,diatoms,17,1.095172545
55,Hulburt (1982),Skeletonema,tropicum,Skeletonema tropicum,diatoms,14.5,1.15062432
55,Hulburt (1982),Skeletonema,tropicum,Skeletonema tropicum,diatoms,34,1.254596397
55,Hulburt (1982),Skeletonema,tropicum,Skeletonema tropicum,diatoms,24,1.310048171
55,Hulburt (1982),Skeletonema,tropicum,Skeletonema tropicum,diatoms,21,1.531855269
55,Hulburt (1982),Skeletonema,tropicum,Skeletonema tropicum,diatoms,27,1.594238515
55,Hulburt (1982),Skeletonema,tropicum,Skeletonema tropicum,diatoms,31,1.642758818
56,Hulburt (1982),Skeletonema,tropicum,Skeletonema tropicum,diatoms,17,0.207944154
56,Hulburt (1982),Skeletonema,tropicum,Skeletonema tropicum,diatoms,27,0.852571032
56,Hulburt (1982),Skeletonema,tropicum,Skeletonema tropicum,diatoms,21,1.046652243
56,Hulburt (1982),Skeletonema,tropicum,Skeletonema tropicum,diatoms,24,1.122898433
56,Hulburt (1982),Skeletonema,tropicum,Skeletonema tropicum,diatoms,31,1.642758818
57,Hulburt (1982),Thalassionema,nitzschioides,Thalassionema nitzschioides,diatoms,17,0.311916231
57,Hulburt (1982),Thalassionema,nitzschioides,Thalassionema nitzschioides,diatoms,14.5,1.15062432
57,Hulburt (1982),Thalassionema,nitzschioides,Thalassionema nitzschioides,diatoms,21,1.15062432
57,Hulburt (1982),Thalassionema,nitzschioides,Thalassionema nitzschioides,diatoms,27,1.247664925
57,Hulburt (1982),Thalassionema,nitzschioides,Thalassionema nitzschioides,diatoms,31,1.351637002
57,Hulburt (1982),Thalassionema,nitzschioides,Thalassionema nitzschioides,diatoms,24,1.76752531
58,Usup et al. (1994),Pyrodinium,bahamense,nd,dinoflagellates,23,0.194081211
58,Usup et al. (1994),Pyrodinium,bahamense,nd,dinoflagellates,30.5,0.25577131
58,Usup et al. (1994),Pyrodinium,bahamense,nd,dinoflagellates,25.5,0.221113951
58,Usup et al. (1994),Pyrodinium,bahamense,nd,dinoflagellates,26.5,0.223886539
58,Usup et al. (1994),Pyrodinium,bahamense,nd,dinoflagellates,32,0.241908366
58,Usup et al. (1994),Pyrodinium,bahamense,nd,dinoflagellates,22,0.172593648
58,Usup et al. (1994),Pyrodinium,bahamense,nd,dinoflagellates,24.5,0.199626388
58,Usup et al. (1994),Pyrodinium,bahamense,nd,dinoflagellates,31.5,0.25577131
58,Usup et al. (1994),Pyrodinium,bahamense,nd,dinoflagellates,28.5,0.266861665
58,Usup et al. (1994),Pyrodinium,bahamense,nd,dinoflagellates,27.5,0.241908366
58,Usup et al. (1994),Pyrodinium,bahamense,nd,dinoflagellates,34,0.167741618
58,Usup et al. (1994),Pyrodinium,bahamense,nd,dinoflagellates,33,0.207944154
58,Usup et al. (1994),Pyrodinium,bahamense,nd,dinoflagellates,29.5,0.266168517
59,Meier et al. (2004),Leonella,granifera,nd,dinoflagellates,22.4,0.047134008
59,Meier et al. (2004),Leonella,granifera,nd,dinoflagellates,29,0.192001769
59,Meier et al. (2004),Leonella,granifera,nd,dinoflagellates,25.7,0.177445678
59,Meier et al. (2004),Leonella,granifera,nd,dinoflagellates,24,0.126845934
59,Meier et al. (2004),Leonella,granifera,nd,dinoflagellates,18.9,0.080405073
59,Meier et al. (2004),Leonella,granifera,nd,dinoflagellates,30.3,0.169127912
59,Meier et al. (2004),Leonella,granifera,nd,dinoflagellates,27.4,0.177445678
59,Meier et al. (2004),Leonella,granifera,nd,dinoflagellates,15.5,0.10327893
59,Meier et al. (2004),Leonella,granifera,nd,dinoflagellates,17.2,0.034657359
59,Meier et al. (2004),Leonella,granifera,nd,dinoflagellates,20.7,0.119221315
61,Meier et al. (2004),Leonella,granifera,nd,dinoflagellates,21.4,0.293201257
61,Meier et al. (2004),Leonella,granifera,nd,dinoflagellates,16.4,0.050599744
61,Meier et al. (2004),Leonella,granifera,nd,dinoflagellates,18,0.118528168
61,Meier et al. (2004),Leonella,granifera,nd,dinoflagellates,30.7,0.166355323
61,Meier et al. (2004),Leonella,granifera,nd,dinoflagellates,19.7,0.237749483
61,Meier et al. (2004),Leonella,granifera,nd,dinoflagellates,24.7,0.352811915
61,Meier et al. (2004),Leonella,granifera,nd,dinoflagellates,28,0.396480187
61,Meier et al. (2004),Leonella,granifera,nd,dinoflagellates,23,0.313995673
61,Meier et al. (2004),Leonella,granifera,nd,dinoflagellates,26.5,0.374992625
61,Meier et al. (2004),Leonella,granifera,nd,dinoflagellates,29.4,0.374992625
63,Thomas (1966),Gymnodinium,nd,Gymnodinium,dinoflagellates,30,0.280031461
63,Thomas (1966),Gymnodinium,nd,Gymnodinium,dinoflagellates,30,0.372220036
63,Thomas (1966),Gymnodinium,nd,Gymnodinium,dinoflagellates,20,0.448466226
63,Thomas (1966),Gymnodinium,nd,Gymnodinium,dinoflagellates,21,0.499759117
63,Thomas (1966),Gymnodinium,nd,Gymnodinium,dinoflagellates,21,0.510849472
63,Thomas (1966),Gymnodinium,nd,Gymnodinium,dinoflagellates,31,0.571153277
63,Thomas (1966),Gymnodinium,nd,Gymnodinium,dinoflagellates,31,0.578084749
63,Thomas (1966),Gymnodinium,nd,Gymnodinium,dinoflagellates,20,0.614128402
63,Thomas (1966),Gymnodinium,nd,Gymnodinium,dinoflagellates,28,0.641854289
63,Thomas (1966),Gymnodinium,nd,Gymnodinium,dinoflagellates,24,0.686908856
63,Thomas (1966),Gymnodinium,nd,Gymnodinium,dinoflagellates,24,0.697999211
63,Thomas (1966),Gymnodinium,nd,Gymnodinium,dinoflagellates,24,0.712555302
63,Thomas (1966),Gymnodinium,nd,Gymnodinium,dinoflagellates,27,0.741667483
63,Thomas (1966),Gymnodinium,nd,Gymnodinium,dinoflagellates,24,0.749985249
63,Thomas (1966),Gymnodinium,nd,Gymnodinium,dinoflagellates,27,0.800584994
63,Thomas (1966),Gymnodinium,nd,Gymnodinium,dinoflagellates,28,0.855343621
64,Meier et al. (2004),Calciodinellum,albatrosianum,nd,dinoflagellates,17.9,0.101892636
64,Meier et al. (2004),Calciodinellum,albatrosianum,nd,dinoflagellates,14.2,0.119221315
64,Meier et al. (2004),Calciodinellum,albatrosianum,nd,dinoflagellates,16.1,0.070701012
64,Meier et al. (2004),Calciodinellum,albatrosianum,nd,dinoflagellates,12.3,0.034657359
64,Meier et al. (2004),Calciodinellum,albatrosianum,nd,dinoflagellates,21.7,0.091495428
64,Meier et al. (2004),Calciodinellum,albatrosianum,nd,dinoflagellates,30.4,0.13031167
64,Meier et al. (2004),Calciodinellum,albatrosianum,nd,dinoflagellates,26.9,0.108824107
64,Meier et al. (2004),Calciodinellum,albatrosianum,nd,dinoflagellates,23.5,0.121300757
64,Meier et al. (2004),Calciodinellum,albatrosianum,nd,dinoflagellates,19.8,0.144174614
64,Meier et al. (2004),Calciodinellum,albatrosianum,nd,dinoflagellates,25.2,0.099120047
64,Meier et al. (2004),Calciodinellum,albatrosianum,nd,dinoflagellates,28.6,0.189922327
68,Thomas (1966),Gymnodinium,nd,Gymnodinium,dinoflagellates,19,0.614821549
68,Thomas (1966),Gymnodinium,nd,Gymnodinium,dinoflagellates,19,0.643240584
68,Thomas (1966),Gymnodinium,nd,Gymnodinium,dinoflagellates,30,0.667500735
68,Thomas (1966),Gymnodinium,nd,Gymnodinium,dinoflagellates,30,0.682056826
68,Thomas (1966),Gymnodinium,nd,Gymnodinium,dinoflagellates,19,0.783949461
68,Thomas (1966),Gymnodinium,nd,Gymnodinium,dinoflagellates,19,0.807516465
68,Thomas (1966),Gymnodinium,nd,Gymnodinium,dinoflagellates,30,0.827617734
68,Thomas (1966),Gymnodinium,nd,Gymnodinium,dinoflagellates,23,0.97595123
68,Thomas (1966),Gymnodinium,nd,Gymnodinium,dinoflagellates,27,0.99813194
68,Thomas (1966),Gymnodinium,nd,Gymnodinium,dinoflagellates,23,1.013381178
68,Thomas (1966),Gymnodinium,nd,Gymnodinium,dinoflagellates,27,1.063980922
68,Thomas (1966),Gymnodinium,nd,Gymnodinium,dinoflagellates,27,1.068832952
68,Thomas (1966),Gymnodinium,nd,Gymnodinium,dinoflagellates,23,1.111808078
68,Thomas (1966),Gymnodinium,nd,Gymnodinium,dinoflagellates,27,1.158248939
68,Thomas (1966),Gymnodinium,nd,Gymnodinium,dinoflagellates,23,1.173498177
74,Schöne (1982),Stephanopyxis,palmeriana,Stephanopyxis palmeriana,diatoms,13,0.752064691
74,Schöne (1982),Stephanopyxis,palmeriana,Stephanopyxis palmeriana,diatoms,16,0.860195651
74,Schöne (1982),Stephanopyxis,palmeriana,Stephanopyxis palmeriana,diatoms,23,0.937134988
74,Schöne (1982),Stephanopyxis,palmeriana,Stephanopyxis palmeriana,diatoms,20,0.950997932
81,Chin (1965),Skeletonema,costatum,Skeletonema costatum,diatoms,8,0.019
81,Chin (1965),Skeletonema,costatum,Skeletonema costatum,diatoms,15,0.117
81,Chin (1965),Skeletonema,costatum,Skeletonema costatum,diatoms,32,0.342
81,Chin (1965),Skeletonema,costatum,Skeletonema costatum,diatoms,30,0.404
81,Chin (1965),Skeletonema,costatum,Skeletonema costatum,diatoms,20,0.415
81,Chin (1965),Skeletonema,costatum,Skeletonema costatum,diatoms,25,0.458
82,Chin (1965),Helicotheca,tamesis,nd,diatoms,25,0.639889702
82,Chin (1965),Helicotheca,tamesis,nd,diatoms,15,0.343389746
82,Chin (1965),Helicotheca,tamesis,nd,diatoms,20,0.479807551
82,Chin (1965),Helicotheca,tamesis,nd,diatoms,10,0.027757151
82,Chin (1965),Helicotheca,tamesis,nd,diatoms,30,0.365540054
83,Bollmann et al. (2010),Gephyrocapsa,oceanica,nd,coccolithophores,22.3,1.005063412
83,Bollmann et al. (2010),Gephyrocapsa,oceanica,nd,coccolithophores,29,1.275390812
83,Bollmann et al. (2010),Gephyrocapsa,oceanica,nd,coccolithophores,27,1.296185228
83,Bollmann et al. (2010),Gephyrocapsa,oceanica,nd,coccolithophores,17.3,0.644626878
83,Bollmann et al. (2010),Gephyrocapsa,oceanica,nd,coccolithophores,30,1.115966961
84,Bollmann et al. (2010),Gephyrocapsa,oceanica,nd,coccolithophores,29,0.970406053
84,Bollmann et al. (2010),Gephyrocapsa,oceanica,nd,coccolithophores,17.3,0.554517744
84,Bollmann et al. (2010),Gephyrocapsa,oceanica,nd,coccolithophores,30,1.046652243
84,Bollmann et al. (2010),Gephyrocapsa,oceanica,nd,coccolithophores,27,1.233801981
84,Bollmann et al. (2010),Gephyrocapsa,oceanica,nd,coccolithophores,22.3,1.102104017
85,Band-Schmidt (2004),Gymnodinium,catenatum,Gymnodinium catenatum,dinoflagellates,11.5,0.087
85,Band-Schmidt (2004),Gymnodinium,catenatum,Gymnodinium catenatum,dinoflagellates,13,0.09
85,Band-Schmidt (2004),Gymnodinium,catenatum,Gymnodinium catenatum,dinoflagellates,30,0.111
85,Band-Schmidt (2004),Gymnodinium,catenatum,Gymnodinium catenatum,dinoflagellates,15,0.142
85,Band-Schmidt (2004),Gymnodinium,catenatum,Gymnodinium catenatum,dinoflagellates,20,0.159
85,Band-Schmidt (2004),Gymnodinium,catenatum,Gymnodinium catenatum,dinoflagellates,18,0.162
85,Band-Schmidt (2004),Gymnodinium,catenatum,Gymnodinium catenatum,dinoflagellates,17,0.167
85,Band-Schmidt (2004),Gymnodinium,catenatum,Gymnodinium catenatum,dinoflagellates,21,0.178
85,Band-Schmidt (2004),Gymnodinium,catenatum,Gymnodinium catenatum,dinoflagellates,23,0.181
85,Band-Schmidt (2004),Gymnodinium,catenatum,Gymnodinium catenatum,dinoflagellates,26,0.181
85,Band-Schmidt (2004),Gymnodinium,catenatum,Gymnodinium catenatum,dinoflagellates,27.5,0.189
85,Band-Schmidt (2004),Gymnodinium,catenatum,Gymnodinium catenatum,dinoflagellates,25,0.197
85,Band-Schmidt (2004),Gymnodinium,catenatum,Gymnodinium catenatum,dinoflagellates,29,0.212
86,McKay et al. (2006),Karenia,brevis,nd,dinoflagellates,27,0.028
86,McKay et al. (2006),Karenia,brevis,nd,dinoflagellates,23,0.226
86,McKay et al. (2006),Karenia,brevis,nd,dinoflagellates,21,0.199
86,McKay et al. (2006),Karenia,brevis,nd,dinoflagellates,25,0.217
86,McKay et al. (2006),Karenia,brevis,nd,dinoflagellates,17,0.174
86,McKay et al. (2006),Karenia,brevis,nd,dinoflagellates,19,0.199
86,McKay et al. (2006),Karenia,brevis,nd,dinoflagellates,13,0.003
87,Krawiec (1982),Thalassiosira,rotula,Thalassiosira rotula,diatoms,5,0.268247959
87,Krawiec (1982),Thalassiosira,rotula,Thalassiosira rotula,diatoms,20,0.294587552
87,Krawiec (1982),Thalassiosira,rotula,Thalassiosira rotula,diatoms,15,0.329244911
87,Krawiec (1982),Thalassiosira,rotula,Thalassiosira rotula,diatoms,5,0.429751252
87,Krawiec (1982),Thalassiosira,rotula,Thalassiosira rotula,diatoms,5,0.455397698
87,Krawiec (1982),Thalassiosira,rotula,Thalassiosira rotula,diatoms,5,0.519860385
87,Krawiec (1982),Thalassiosira,rotula,Thalassiosira rotula,diatoms,5,0.528871299
87,Krawiec (1982),Thalassiosira,rotula,Thalassiosira rotula,diatoms,25,0.539961654
87,Krawiec (1982),Thalassiosira,rotula,Thalassiosira rotula,diatoms,10,0.574619013
87,Krawiec (1982),Thalassiosira,rotula,Thalassiosira rotula,diatoms,30,0.639774848
87,Krawiec (1982),Thalassiosira,rotula,Thalassiosira rotula,diatoms,10,0.762461899
87,Krawiec (1982),Thalassiosira,rotula,Thalassiosira rotula,diatoms,10,0.838014941
87,Krawiec (1982),Thalassiosira,rotula,Thalassiosira rotula,diatoms,10,0.860195651
87,Krawiec (1982),Thalassiosira,rotula,Thalassiosira rotula,diatoms,30,0.878217478
87,Krawiec (1982),Thalassiosira,rotula,Thalassiosira rotula,diatoms,10,0.879603772
87,Krawiec (1982),Thalassiosira,rotula,Thalassiosira rotula,diatoms,30,0.89485301
87,Krawiec (1982),Thalassiosira,rotula,Thalassiosira rotula,diatoms,15,0.905943365
87,Krawiec (1982),Thalassiosira,rotula,Thalassiosira rotula,diatoms,10,0.918420014
87,Krawiec (1982),Thalassiosira,rotula,Thalassiosira rotula,diatoms,15,1.02031265
87,Krawiec (1982),Thalassiosira,rotula,Thalassiosira rotula,diatoms,15,1.031403005
87,Krawiec (1982),Thalassiosira,rotula,Thalassiosira rotula,diatoms,15,1.043879654
87,Krawiec (1982),Thalassiosira,rotula,Thalassiosira rotula,diatoms,15,1.097251987
87,Krawiec (1982),Thalassiosira,rotula,Thalassiosira rotula,diatoms,20,1.142306554
87,Krawiec (1982),Thalassiosira,rotula,Thalassiosira rotula,diatoms,25,1.143692848
87,Krawiec (1982),Thalassiosira,rotula,Thalassiosira rotula,diatoms,20,1.271231929
87,Krawiec (1982),Thalassiosira,rotula,Thalassiosira rotula,diatoms,20,1.291333197
87,Krawiec (1982),Thalassiosira,rotula,Thalassiosira rotula,diatoms,25,1.29549208
87,Krawiec (1982),Thalassiosira,rotula,Thalassiosira rotula,diatoms,20,1.324604262
87,Krawiec (1982),Thalassiosira,rotula,Thalassiosira rotula,diatoms,20,1.429962633
87,Krawiec (1982),Thalassiosira,rotula,Thalassiosira rotula,diatoms,20,1.501356793
87,Krawiec (1982),Thalassiosira,rotula,Thalassiosira rotula,diatoms,25,1.570671511
87,Krawiec (1982),Thalassiosira,rotula,Thalassiosira rotula,diatoms,25,1.630975316
87,Krawiec (1982),Thalassiosira,rotula,Thalassiosira rotula,diatoms,25,1.646224554
89,Moore et al. (1995),Synechococcus,nd,Synechococcus,cyanobacteria,14.5,0.206
89,Moore et al. (1995),Synechococcus,nd,Synechococcus,cyanobacteria,17.5,0.346
89,Moore et al. (1995),Synechococcus,nd,Synechococcus,cyanobacteria,32,0.417
89,Moore et al. (1995),Synechococcus,nd,Synechococcus,cyanobacteria,19,0.458
89,Moore et al. (1995),Synechococcus,nd,Synechococcus,cyanobacteria,22,0.601
89,Moore et al. (1995),Synechococcus,nd,Synechococcus,cyanobacteria,30.5,0.648
89,Moore et al. (1995),Synechococcus,nd,Synechococcus,cyanobacteria,23.5,0.69
89,Moore et al. (1995),Synechococcus,nd,Synechococcus,cyanobacteria,26,0.77
89,Moore et al. (1995),Synechococcus,nd,Synechococcus,cyanobacteria,28,0.8
90,Hulburt (1982),Amphiprora,nd,Amphiprora,diatoms,14,0.138629436
90,Hulburt (1982),Amphiprora,nd,Amphiprora,diatoms,17,0.34657359
90,Hulburt (1982),Amphiprora,nd,Amphiprora,diatoms,21,0.415888308
90,Hulburt (1982),Amphiprora,nd,Amphiprora,diatoms,31,0.693147181
90,Hulburt (1982),Amphiprora,nd,Amphiprora,diatoms,28,0.901091335
91,Hulburt (1982),Chaetoceros,lorenzianus,Chaetoceros lorenzianus,diatoms,34,0.311916231
91,Hulburt (1982),Chaetoceros,lorenzianus,Chaetoceros lorenzianus,diatoms,14,0.554517744
91,Hulburt (1982),Chaetoceros,lorenzianus,Chaetoceros lorenzianus,diatoms,17,0.554517744
91,Hulburt (1982),Chaetoceros,lorenzianus,Chaetoceros lorenzianus,diatoms,31,1.039720771
91,Hulburt (1982),Chaetoceros,lorenzianus,Chaetoceros lorenzianus,diatoms,21,1.386294361
91,Hulburt (1982),Chaetoceros,lorenzianus,Chaetoceros lorenzianus,diatoms,28,1.386294361
93,Hulburt (1982),Leptocylindrus,danicus,Leptocylindrus danicus,diatoms,17,0.34657359
93,Hulburt (1982),Leptocylindrus,danicus,Leptocylindrus danicus,diatoms,21,0.901091335
93,Hulburt (1982),Leptocylindrus,danicus,Leptocylindrus danicus,diatoms,31,0.901091335
93,Hulburt (1982),Leptocylindrus,danicus,Leptocylindrus danicus,diatoms,28,1.524923797
94,Moore et al. (1995),Prochlorococcus,marinus,Prochlorococcus marinus,cyanobacteria,14.5,0.155
94,Moore et al. (1995),Prochlorococcus,marinus,Prochlorococcus marinus,cyanobacteria,17.5,0.31
94,Moore et al. (1995),Prochlorococcus,marinus,Prochlorococcus marinus,cyanobacteria,19,0.477
94,Moore et al. (1995),Prochlorococcus,marinus,Prochlorococcus marinus,cyanobacteria,26,0.489
94,Moore et al. (1995),Prochlorococcus,marinus,Prochlorococcus marinus,cyanobacteria,22,0.55
94,Moore et al. (1995),Prochlorococcus,marinus,Prochlorococcus marinus,cyanobacteria,23.5,0.599
97,McKay et al. (2006),Karenia,brevis,nd,dinoflagellates,30,0.112
97,McKay et al. (2006),Karenia,brevis,nd,dinoflagellates,27,0.232
97,McKay et al. (2006),Karenia,brevis,nd,dinoflagellates,21,0.283
97,McKay et al. (2006),Karenia,brevis,nd,dinoflagellates,17,0.18
97,McKay et al. (2006),Karenia,brevis,nd,dinoflagellates,13,0.06
97,McKay et al. (2006),Karenia,brevis,nd,dinoflagellates,25,0.312
97,McKay et al. (2006),Karenia,brevis,nd,dinoflagellates,19,0.218
97,McKay et al. (2006),Karenia,brevis,nd,dinoflagellates,23,0.26
106,Conte et al. (1998),Emiliania,huxleyi,nd,coccolithophores,15,0.498372823
106,Conte et al. (1998),Emiliania,huxleyi,nd,coccolithophores,18,0.653637791
106,Conte et al. (1998),Emiliania,huxleyi,nd,coccolithophores,21,0.870592859
106,Conte et al. (1998),Emiliania,huxleyi,nd,coccolithophores,12,0.355584504
106,Conte et al. (1998),Emiliania,huxleyi,nd,coccolithophores,27,0.838708088
106,Conte et al. (1998),Emiliania,huxleyi,nd,coccolithophores,24,1.014074325
106,Conte et al. (1998),Emiliania,huxleyi,nd,coccolithophores,9,0.171207354
107,Watabe & Wilbur (1966),Emiliania,huxleyi,nd,coccolithophores,7,0.269634253
107,Watabe & Wilbur (1966),Emiliania,huxleyi,nd,coccolithophores,24,0.875444889
107,Watabe & Wilbur (1966),Emiliania,huxleyi,nd,coccolithophores,18,0.882376361
107,Watabe & Wilbur (1966),Emiliania,huxleyi,nd,coccolithophores,27,0.451931962
107,Watabe & Wilbur (1966),Emiliania,huxleyi,nd,coccolithophores,7,0.215568773
107,Watabe & Wilbur (1966),Emiliania,huxleyi,nd,coccolithophores,24,0.354198209
107,Watabe & Wilbur (1966),Emiliania,huxleyi,nd,coccolithophores,27,0.239135777
107,Watabe & Wilbur (1966),Emiliania,huxleyi,nd,coccolithophores,12,0.2703274
107,Watabe & Wilbur (1966),Emiliania,huxleyi,nd,coccolithophores,18,0.371526889
109,Hulburt (1982),Chaetoceros,lorenzianus,Chaetoceros lorenzianus,diatoms,14,0.623832463
109,Hulburt (1982),Chaetoceros,lorenzianus,Chaetoceros lorenzianus,diatoms,17,0.623832463
109,Hulburt (1982),Chaetoceros,lorenzianus,Chaetoceros lorenzianus,diatoms,24,0.623832463
109,Hulburt (1982),Chaetoceros,lorenzianus,Chaetoceros lorenzianus,diatoms,20,0.831776617
109,Hulburt (1982),Chaetoceros,lorenzianus,Chaetoceros lorenzianus,diatoms,33,0.970406053
109,Hulburt (1982),Chaetoceros,lorenzianus,Chaetoceros lorenzianus,diatoms,27,1.039720771
109,Hulburt (1982),Chaetoceros,lorenzianus,Chaetoceros lorenzianus,diatoms,30,2.218070978
110,Hulburt (1982),nd,nd,nd,diatoms,31,0.991200468
110,Hulburt (1982),nd,nd,nd,diatoms,16,0.658489822
110,Hulburt (1982),nd,nd,nd,diatoms,19,1.15062432
110,Hulburt (1982),nd,nd,nd,diatoms,27,1.871497388
110,Hulburt (1982),nd,nd,nd,diatoms,24,1.34470553
110,Hulburt (1982),nd,nd,nd,diatoms,22,1.434814664
110,Hulburt (1982),nd,nd,nd,diatoms,34,1.42095172
110,Hulburt (1982),nd,nd,nd,diatoms,13,0.457477139
116,Thomas et al. (1973),Akashiwo,sanguinea,Akashiwo sanguinea,dinoflagellates,15,0.069314718
116,Thomas et al. (1973),Akashiwo,sanguinea,Akashiwo sanguinea,dinoflagellates,15,0.138629436
116,Thomas et al. (1973),Akashiwo,sanguinea,Akashiwo sanguinea,dinoflagellates,15,0.159423852
116,Thomas et al. (1973),Akashiwo,sanguinea,Akashiwo sanguinea,dinoflagellates,15,0.164275882
116,Thomas et al. (1973),Akashiwo,sanguinea,Akashiwo sanguinea,dinoflagellates,15,0.202398977
116,Thomas et al. (1973),Akashiwo,sanguinea,Akashiwo sanguinea,dinoflagellates,27,0.21140989
116,Thomas et al. (1973),Akashiwo,sanguinea,Akashiwo sanguinea,dinoflagellates,27,0.213489332
116,Thomas et al. (1973),Akashiwo,sanguinea,Akashiwo sanguinea,dinoflagellates,24,0.230818011
116,Thomas et al. (1973),Akashiwo,sanguinea,Akashiwo sanguinea,dinoflagellates,24,0.241215219
116,Thomas et al. (1973),Akashiwo,sanguinea,Akashiwo sanguinea,dinoflagellates,20,0.246760396
116,Thomas et al. (1973),Akashiwo,sanguinea,Akashiwo sanguinea,dinoflagellates,20,0.250226132
116,Thomas et al. (1973),Akashiwo,sanguinea,Akashiwo sanguinea,dinoflagellates,24,0.254385015
116,Thomas et al. (1973),Akashiwo,sanguinea,Akashiwo sanguinea,dinoflagellates,24,0.259237046
116,Thomas et al. (1973),Akashiwo,sanguinea,Akashiwo sanguinea,dinoflagellates,20,0.261316487
116,Thomas et al. (1973),Akashiwo,sanguinea,Akashiwo sanguinea,dinoflagellates,27,0.264089076
116,Thomas et al. (1973),Akashiwo,sanguinea,Akashiwo sanguinea,dinoflagellates,27,0.269634253
116,Thomas et al. (1973),Akashiwo,sanguinea,Akashiwo sanguinea,dinoflagellates,20,0.279338314
116,Thomas et al. (1973),Akashiwo,sanguinea,Akashiwo sanguinea,dinoflagellates,24,0.290428669
116,Thomas et al. (1973),Akashiwo,sanguinea,Akashiwo sanguinea,dinoflagellates,27,0.295280699
116,Thomas et al. (1973),Akashiwo,sanguinea,Akashiwo sanguinea,dinoflagellates,20,0.303598465
116,Thomas et al. (1973),Akashiwo,sanguinea,Akashiwo sanguinea,dinoflagellates,18,0.48
116,Thomas et al. (1973),Akashiwo,sanguinea,Akashiwo sanguinea,dinoflagellates,25,0.83
117,Yamatogi (2005),Cochlodinium,polykrikoides,nd,dinoflagellates,20,0.329
117,Yamatogi (2005),Cochlodinium,polykrikoides,nd,dinoflagellates,17.5,0.238
117,Yamatogi (2005),Cochlodinium,polykrikoides,nd,dinoflagellates,27.5,0.508
117,Yamatogi (2005),Cochlodinium,polykrikoides,nd,dinoflagellates,12.5,0.096
117,Yamatogi (2005),Cochlodinium,polykrikoides,nd,dinoflagellates,25,0.425
117,Yamatogi (2005),Cochlodinium,polykrikoides,nd,dinoflagellates,17.5,0.275
117,Yamatogi (2005),Cochlodinium,polykrikoides,nd,dinoflagellates,17.5,0.233
117,Yamatogi (2005),Cochlodinium,polykrikoides,nd,dinoflagellates,30,0.458
117,Yamatogi (2005),Cochlodinium,polykrikoides,nd,dinoflagellates,22.5,0.407
117,Yamatogi (2005),Cochlodinium,polykrikoides,nd,dinoflagellates,15,0.105
117,Yamatogi (2005),Cochlodinium,polykrikoides,nd,dinoflagellates,22.5,0.398
117,Yamatogi (2005),Cochlodinium,polykrikoides,nd,dinoflagellates,20,0.307
117,Yamatogi (2005),Cochlodinium,polykrikoides,nd,dinoflagellates,15,0.101
117,Yamatogi (2005),Cochlodinium,polykrikoides,nd,dinoflagellates,12.5,0.092
117,Yamatogi (2005),Cochlodinium,polykrikoides,nd,dinoflagellates,15,0.078
117,Yamatogi (2005),Cochlodinium,polykrikoides,nd,dinoflagellates,30,0.476
117,Yamatogi (2005),Cochlodinium,polykrikoides,nd,dinoflagellates,15,0.096
117,Yamatogi (2005),Cochlodinium,polykrikoides,nd,dinoflagellates,20,0.316
117,Yamatogi (2005),Cochlodinium,polykrikoides,nd,dinoflagellates,17.5,0.27
117,Yamatogi (2005),Cochlodinium,polykrikoides,nd,dinoflagellates,12.5,0.078
117,Yamatogi (2005),Cochlodinium,polykrikoides,nd,dinoflagellates,27.5,0.558
117,Yamatogi (2005),Cochlodinium,polykrikoides,nd,dinoflagellates,15,0.092
117,Yamatogi (2005),Cochlodinium,polykrikoides,nd,dinoflagellates,30,0.526
117,Yamatogi (2005),Cochlodinium,polykrikoides,nd,dinoflagellates,25,0.49
117,Yamatogi (2005),Cochlodinium,polykrikoides,nd,dinoflagellates,22.5,0.398
117,Yamatogi (2005),Cochlodinium,polykrikoides,nd,dinoflagellates,25,0.458
117,Yamatogi (2005),Cochlodinium,polykrikoides,nd,dinoflagellates,30,0.494
117,Yamatogi (2005),Cochlodinium,polykrikoides,nd,dinoflagellates,27.5,0.572
117,Yamatogi (2005),Cochlodinium,polykrikoides,nd,dinoflagellates,17.5,0.265
117,Yamatogi (2005),Cochlodinium,polykrikoides,nd,dinoflagellates,25,0.448
117,Yamatogi (2005),Cochlodinium,polykrikoides,nd,dinoflagellates,22.5,0.389
117,Yamatogi (2005),Cochlodinium,polykrikoides,nd,dinoflagellates,20,0.361
117,Yamatogi (2005),Cochlodinium,polykrikoides,nd,dinoflagellates,30,0.535
117,Yamatogi (2005),Cochlodinium,polykrikoides,nd,dinoflagellates,27.5,0.517
117,Yamatogi (2005),Cochlodinium,polykrikoides,nd,dinoflagellates,25,0.503
117,Yamatogi (2005),Cochlodinium,polykrikoides,nd,dinoflagellates,27.5,0.544
117,Yamatogi (2005),Cochlodinium,polykrikoides,nd,dinoflagellates,17.5,0.27
117,Yamatogi (2005),Cochlodinium,polykrikoides,nd,dinoflagellates,20,0.384
117,Yamatogi (2005),Cochlodinium,polykrikoides,nd,dinoflagellates,25,0.526
117,Yamatogi (2005),Cochlodinium,polykrikoides,nd,dinoflagellates,20,0.343
117,Yamatogi (2005),Cochlodinium,polykrikoides,nd,dinoflagellates,22.5,0.416
117,Yamatogi (2005),Cochlodinium,polykrikoides,nd,dinoflagellates,15,0.092
118,Yamatogi (2005),Cochlodinium,polykrikoides,nd,dinoflagellates,20,0.29
118,Yamatogi (2005),Cochlodinium,polykrikoides,nd,dinoflagellates,17.5,0.205
118,Yamatogi (2005),Cochlodinium,polykrikoides,nd,dinoflagellates,15,0.111
118,Yamatogi (2005),Cochlodinium,polykrikoides,nd,dinoflagellates,15,0.06
118,Yamatogi (2005),Cochlodinium,polykrikoides,nd,dinoflagellates,25,0.47
118,Yamatogi (2005),Cochlodinium,polykrikoides,nd,dinoflagellates,27.5,0.576
118,Yamatogi (2005),Cochlodinium,polykrikoides,nd,dinoflagellates,27.5,0.512
118,Yamatogi (2005),Cochlodinium,polykrikoides,nd,dinoflagellates,22.5,0.277
118,Yamatogi (2005),Cochlodinium,polykrikoides,nd,dinoflagellates,30,0.529
118,Yamatogi (2005),Cochlodinium,polykrikoides,nd,dinoflagellates,12.5,0.09
118,Yamatogi (2005),Cochlodinium,polykrikoides,nd,dinoflagellates,30,0.474
118,Yamatogi (2005),Cochlodinium,polykrikoides,nd,dinoflagellates,27.5,0.529
118,Yamatogi (2005),Cochlodinium,polykrikoides,nd,dinoflagellates,25,0.452
118,Yamatogi (2005),Cochlodinium,polykrikoides,nd,dinoflagellates,25,0.427
118,Yamatogi (2005),Cochlodinium,polykrikoides,nd,dinoflagellates,25,0.499
118,Yamatogi (2005),Cochlodinium,polykrikoides,nd,dinoflagellates,30,0.516
118,Yamatogi (2005),Cochlodinium,polykrikoides,nd,dinoflagellates,22.5,0.32
118,Yamatogi (2005),Cochlodinium,polykrikoides,nd,dinoflagellates,27.5,0.504
118,Yamatogi (2005),Cochlodinium,polykrikoides,nd,dinoflagellates,30,0.516
118,Yamatogi (2005),Cochlodinium,polykrikoides,nd,dinoflagellates,15,0.102
118,Yamatogi (2005),Cochlodinium,polykrikoides,nd,dinoflagellates,20,0.35
118,Yamatogi (2005),Cochlodinium,polykrikoides,nd,dinoflagellates,15,0.085
118,Yamatogi (2005),Cochlodinium,polykrikoides,nd,dinoflagellates,12.5,0.077
118,Yamatogi (2005),Cochlodinium,polykrikoides,nd,dinoflagellates,25,0.474
118,Yamatogi (2005),Cochlodinium,polykrikoides,nd,dinoflagellates,20,0.265
118,Yamatogi (2005),Cochlodinium,polykrikoides,nd,dinoflagellates,22.5,0.35
118,Yamatogi (2005),Cochlodinium,polykrikoides,nd,dinoflagellates,17.5,0.277
118,Yamatogi (2005),Cochlodinium,polykrikoides,nd,dinoflagellates,17.5,0.23
118,Yamatogi (2005),Cochlodinium,polykrikoides,nd,dinoflagellates,22.5,0.295
118,Yamatogi (2005),Cochlodinium,polykrikoides,nd,dinoflagellates,20,0.29
118,Yamatogi (2005),Cochlodinium,polykrikoides,nd,dinoflagellates,17.5,0.248
118,Yamatogi (2005),Cochlodinium,polykrikoides,nd,dinoflagellates,30,0.504
118,Yamatogi (2005),Cochlodinium,polykrikoides,nd,dinoflagellates,17.5,0.273
118,Yamatogi (2005),Cochlodinium,polykrikoides,nd,dinoflagellates,27.5,0.499
118,Yamatogi (2005),Cochlodinium,polykrikoides,nd,dinoflagellates,15,0.064
118,Yamatogi (2005),Cochlodinium,polykrikoides,nd,dinoflagellates,20,0.277
118,Yamatogi (2005),Cochlodinium,polykrikoides,nd,dinoflagellates,12.5,0.081
118,Yamatogi (2005),Cochlodinium,polykrikoides,nd,dinoflagellates,30,0.487
119,Yamatogi (2005),Cochlodinium,polykrikoides,nd,dinoflagellates,22.5,0.355
119,Yamatogi (2005),Cochlodinium,polykrikoides,nd,dinoflagellates,20,0.265
119,Yamatogi (2005),Cochlodinium,polykrikoides,nd,dinoflagellates,25,0.55
119,Yamatogi (2005),Cochlodinium,polykrikoides,nd,dinoflagellates,15,0.18
119,Yamatogi (2005),Cochlodinium,polykrikoides,nd,dinoflagellates,12.5,0.095
119,Yamatogi (2005),Cochlodinium,polykrikoides,nd,dinoflagellates,22.5,0.405
119,Yamatogi (2005),Cochlodinium,polykrikoides,nd,dinoflagellates,30,0.48
119,Yamatogi (2005),Cochlodinium,polykrikoides,nd,dinoflagellates,10,0.075
119,Yamatogi (2005),Cochlodinium,polykrikoides,nd,dinoflagellates,25,0.495
119,Yamatogi (2005),Cochlodinium,polykrikoides,nd,dinoflagellates,15,0.18
119,Yamatogi (2005),Cochlodinium,polykrikoides,nd,dinoflagellates,17.5,0.275
119,Yamatogi (2005),Cochlodinium,polykrikoides,nd,dinoflagellates,27.5,0.615
119,Yamatogi (2005),Cochlodinium,polykrikoides,nd,dinoflagellates,17.5,0.23
119,Yamatogi (2005),Cochlodinium,polykrikoides,nd,dinoflagellates,30,0.53
119,Yamatogi (2005),Cochlodinium,polykrikoides,nd,dinoflagellates,10,0.09
119,Yamatogi (2005),Cochlodinium,polykrikoides,nd,dinoflagellates,27.5,0.58
119,Yamatogi (2005),Cochlodinium,polykrikoides,nd,dinoflagellates,17.5,0.25
119,Yamatogi (2005),Cochlodinium,polykrikoides,nd,dinoflagellates,12.5,0.125
119,Yamatogi (2005),Cochlodinium,polykrikoides,nd,dinoflagellates,20,0.335
119,Yamatogi (2005),Cochlodinium,polykrikoides,nd,dinoflagellates,20,0.345
119,Yamatogi (2005),Cochlodinium,polykrikoides,nd,dinoflagellates,30,0.525
119,Yamatogi (2005),Cochlodinium,polykrikoides,nd,dinoflagellates,22.5,0.385
119,Yamatogi (2005),Cochlodinium,polykrikoides,nd,dinoflagellates,12.5,0.13
119,Yamatogi (2005),Cochlodinium,polykrikoides,nd,dinoflagellates,15,0.195
119,Yamatogi (2005),Cochlodinium,polykrikoides,nd,dinoflagellates,25,0.485
119,Yamatogi (2005),Cochlodinium,polykrikoides,nd,dinoflagellates,27.5,0.525
119,Yamatogi (2005),Cochlodinium,polykrikoides,nd,dinoflagellates,22.5,0.39
119,Yamatogi (2005),Cochlodinium,polykrikoides,nd,dinoflagellates,25,0.565
119,Yamatogi (2005),Cochlodinium,polykrikoides,nd,dinoflagellates,27.5,0.54
119,Yamatogi (2005),Cochlodinium,polykrikoides,nd,dinoflagellates,25,0.56
119,Yamatogi (2005),Cochlodinium,polykrikoides,nd,dinoflagellates,30,0.475
119,Yamatogi (2005),Cochlodinium,polykrikoides,nd,dinoflagellates,15,0.19
119,Yamatogi (2005),Cochlodinium,polykrikoides,nd,dinoflagellates,20,0.355
119,Yamatogi (2005),Cochlodinium,polykrikoides,nd,dinoflagellates,27.5,0.515
119,Yamatogi (2005),Cochlodinium,polykrikoides,nd,dinoflagellates,10,0.085
119,Yamatogi (2005),Cochlodinium,polykrikoides,nd,dinoflagellates,12.5,0.105
119,Yamatogi (2005),Cochlodinium,polykrikoides,nd,dinoflagellates,25,0.47
119,Yamatogi (2005),Cochlodinium,polykrikoides,nd,dinoflagellates,22.5,0.44
119,Yamatogi (2005),Cochlodinium,polykrikoides,nd,dinoflagellates,17.5,0.245
119,Yamatogi (2005),Cochlodinium,polykrikoides,nd,dinoflagellates,30,0.47
119,Yamatogi (2005),Cochlodinium,polykrikoides,nd,dinoflagellates,20,0.365
119,Yamatogi (2005),Cochlodinium,polykrikoides,nd,dinoflagellates,15,0.205
119,Yamatogi (2005),Cochlodinium,polykrikoides,nd,dinoflagellates,22.5,0.365
119,Yamatogi (2005),Cochlodinium,polykrikoides,nd,dinoflagellates,12.5,0.12
119,Yamatogi (2005),Cochlodinium,polykrikoides,nd,dinoflagellates,17.5,0.28
123,Yamaguchi (1989),Karenia,mikimotoi,Karenia mikimotoi,dinoflagellates,10,0.079711926
123,Yamaguchi (1989),Karenia,mikimotoi,Karenia mikimotoi,dinoflagellates,10,0.106051519
123,Yamaguchi (1989),Karenia,mikimotoi,Karenia mikimotoi,dinoflagellates,15,0.196853799
123,Yamaguchi (1989),Karenia,mikimotoi,Karenia mikimotoi,dinoflagellates,15,0.246067249
123,Yamaguchi (1989),Karenia,mikimotoi,Karenia mikimotoi,dinoflagellates,15,0.262702781
123,Yamaguchi (1989),Karenia,mikimotoi,Karenia mikimotoi,dinoflagellates,30,0.290428669
123,Yamaguchi (1989),Karenia,mikimotoi,Karenia mikimotoi,dinoflagellates,20,0.340335266
123,Yamaguchi (1989),Karenia,mikimotoi,Karenia mikimotoi,dinoflagellates,30,0.372913183
123,Yamaguchi (1989),Karenia,mikimotoi,Karenia mikimotoi,dinoflagellates,25,0.386776127
123,Yamaguchi (1989),Karenia,mikimotoi,Karenia mikimotoi,dinoflagellates,20,0.397866482
123,Yamaguchi (1989),Karenia,mikimotoi,Karenia mikimotoi,dinoflagellates,30,0.397866482
123,Yamaguchi (1989),Karenia,mikimotoi,Karenia mikimotoi,dinoflagellates,20,0.41311572
123,Yamaguchi (1989),Karenia,mikimotoi,Karenia mikimotoi,dinoflagellates,20,0.453318256
123,Yamaguchi (1989),Karenia,mikimotoi,Karenia mikimotoi,dinoflagellates,25,0.535109623
123,Yamaguchi (1989),Karenia,mikimotoi,Karenia mikimotoi,dinoflagellates,25,0.632150229
123,Yamaguchi (1989),Karenia,mikimotoi,Karenia mikimotoi,dinoflagellates,25,0.719486773
126,Miller & Kamykowski (1986a),Pseudo-nitzschia,americana,Pseudo-nitzschia americana,diatoms,10,0.315
126,Miller & Kamykowski (1986a),Pseudo-nitzschia,americana,Pseudo-nitzschia americana,diatoms,10,0.32
126,Miller & Kamykowski (1986a),Pseudo-nitzschia,americana,Pseudo-nitzschia americana,diatoms,10,0.357
126,Miller & Kamykowski (1986a),Pseudo-nitzschia,americana,Pseudo-nitzschia americana,diatoms,15,0.481
126,Miller & Kamykowski (1986a),Pseudo-nitzschia,americana,Pseudo-nitzschia americana,diatoms,10,0.524
126,Miller & Kamykowski (1986a),Pseudo-nitzschia,americana,Pseudo-nitzschia americana,diatoms,20,0.559
126,Miller & Kamykowski (1986a),Pseudo-nitzschia,americana,Pseudo-nitzschia americana,diatoms,10,0.585
126,Miller & Kamykowski (1986a),Pseudo-nitzschia,americana,Pseudo-nitzschia americana,diatoms,10,0.774
126,Miller & Kamykowski (1986a),Pseudo-nitzschia,americana,Pseudo-nitzschia americana,diatoms,15,0.822
126,Miller & Kamykowski (1986a),Pseudo-nitzschia,americana,Pseudo-nitzschia americana,diatoms,10,0.833
126,Miller & Kamykowski (1986a),Pseudo-nitzschia,americana,Pseudo-nitzschia americana,diatoms,10,0.85
126,Miller & Kamykowski (1986a),Pseudo-nitzschia,americana,Pseudo-nitzschia americana,diatoms,15,0.851
126,Miller & Kamykowski (1986a),Pseudo-nitzschia,americana,Pseudo-nitzschia americana,diatoms,20,0.854
126,Miller & Kamykowski (1986a),Pseudo-nitzschia,americana,Pseudo-nitzschia americana,diatoms,10,0.956
126,Miller & Kamykowski (1986a),Pseudo-nitzschia,americana,Pseudo-nitzschia americana,diatoms,25,1.015
126,Miller & Kamykowski (1986a),Pseudo-nitzschia,americana,Pseudo-nitzschia americana,diatoms,15,1.117
126,Miller & Kamykowski (1986a),Pseudo-nitzschia,americana,Pseudo-nitzschia americana,diatoms,30,1.123
126,Miller & Kamykowski (1986a),Pseudo-nitzschia,americana,Pseudo-nitzschia americana,diatoms,15,1.185
126,Miller & Kamykowski (1986a),Pseudo-nitzschia,americana,Pseudo-nitzschia americana,diatoms,25,1.197
126,Miller & Kamykowski (1986a),Pseudo-nitzschia,americana,Pseudo-nitzschia americana,diatoms,20,1.315
126,Miller & Kamykowski (1986a),Pseudo-nitzschia,americana,Pseudo-nitzschia americana,diatoms,15,1.329
126,Miller & Kamykowski (1986a),Pseudo-nitzschia,americana,Pseudo-nitzschia americana,diatoms,15,1.333
126,Miller & Kamykowski (1986a),Pseudo-nitzschia,americana,Pseudo-nitzschia americana,diatoms,25,1.386
126,Miller & Kamykowski (1986a),Pseudo-nitzschia,americana,Pseudo-nitzschia americana,diatoms,15,1.413
126,Miller & Kamykowski (1986a),Pseudo-nitzschia,americana,Pseudo-nitzschia americana,diatoms,15,1.44
126,Miller & Kamykowski (1986a),Pseudo-nitzschia,americana,Pseudo-nitzschia americana,diatoms,15,1.5
126,Miller & Kamykowski (1986a),Pseudo-nitzschia,americana,Pseudo-nitzschia americana,diatoms,20,1.513
126,Miller & Kamykowski (1986a),Pseudo-nitzschia,americana,Pseudo-nitzschia americana,diatoms,30,1.583
126,Miller & Kamykowski (1986a),Pseudo-nitzschia,americana,Pseudo-nitzschia americana,diatoms,20,1.756
126,Miller & Kamykowski (1986a),Pseudo-nitzschia,americana,Pseudo-nitzschia americana,diatoms,20,1.81
126,Miller & Kamykowski (1986a),Pseudo-nitzschia,americana,Pseudo-nitzschia americana,diatoms,30,1.81
126,Miller & Kamykowski (1986a),Pseudo-nitzschia,americana,Pseudo-nitzschia americana,diatoms,20,1.899
126,Miller & Kamykowski (1986a),Pseudo-nitzschia,americana,Pseudo-nitzschia americana,diatoms,20,1.94
126,Miller & Kamykowski (1986a),Pseudo-nitzschia,americana,Pseudo-nitzschia americana,diatoms,30,1.972
126,Miller & Kamykowski (1986a),Pseudo-nitzschia,americana,Pseudo-nitzschia americana,diatoms,25,2.018
126,Miller & Kamykowski (1986a),Pseudo-nitzschia,americana,Pseudo-nitzschia americana,diatoms,25,2.042
126,Miller & Kamykowski (1986a),Pseudo-nitzschia,americana,Pseudo-nitzschia americana,diatoms,20,2.043
126,Miller & Kamykowski (1986a),Pseudo-nitzschia,americana,Pseudo-nitzschia americana,diatoms,20,2.083
126,Miller & Kamykowski (1986a),Pseudo-nitzschia,americana,Pseudo-nitzschia americana,diatoms,25,2.083
126,Miller & Kamykowski (1986a),Pseudo-nitzschia,americana,Pseudo-nitzschia americana,diatoms,30,2.108
126,Miller & Kamykowski (1986a),Pseudo-nitzschia,americana,Pseudo-nitzschia americana,diatoms,25,2.143
126,Miller & Kamykowski (1986a),Pseudo-nitzschia,americana,Pseudo-nitzschia americana,diatoms,25,2.152
126,Miller & Kamykowski (1986a),Pseudo-nitzschia,americana,Pseudo-nitzschia americana,diatoms,25,2.47
126,Miller & Kamykowski (1986a),Pseudo-nitzschia,americana,Pseudo-nitzschia americana,diatoms,30,2.667
126,Miller & Kamykowski (1986a),Pseudo-nitzschia,americana,Pseudo-nitzschia americana,diatoms,30,2.708
126,Miller & Kamykowski (1986a),Pseudo-nitzschia,americana,Pseudo-nitzschia americana,diatoms,25,2.768
129,Yamatogi (2005),Cochlodinium,polykrikoides,nd,dinoflagellates,22.5,0.395
129,Yamatogi (2005),Cochlodinium,polykrikoides,nd,dinoflagellates,15,0.143
129,Yamatogi (2005),Cochlodinium,polykrikoides,nd,dinoflagellates,22.5,0.41
129,Yamatogi (2005),Cochlodinium,polykrikoides,nd,dinoflagellates,15,0.181
129,Yamatogi (2005),Cochlodinium,polykrikoides,nd,dinoflagellates,20,0.395
129,Yamatogi (2005),Cochlodinium,polykrikoides,nd,dinoflagellates,12.5,0.062
129,Yamatogi (2005),Cochlodinium,polykrikoides,nd,dinoflagellates,15,0.181
129,Yamatogi (2005),Cochlodinium,polykrikoides,nd,dinoflagellates,17.5,0.31
129,Yamatogi (2005),Cochlodinium,polykrikoides,nd,dinoflagellates,30,0.495
129,Yamatogi (2005),Cochlodinium,polykrikoides,nd,dinoflagellates,12.5,0.076
129,Yamatogi (2005),Cochlodinium,polykrikoides,nd,dinoflagellates,25,0.481
129,Yamatogi (2005),Cochlodinium,polykrikoides,nd,dinoflagellates,27.5,0.581
129,Yamatogi (2005),Cochlodinium,polykrikoides,nd,dinoflagellates,25,0.529
129,Yamatogi (2005),Cochlodinium,polykrikoides,nd,dinoflagellates,15,0.133
129,Yamatogi (2005),Cochlodinium,polykrikoides,nd,dinoflagellates,27.5,0.543
129,Yamatogi (2005),Cochlodinium,polykrikoides,nd,dinoflagellates,25,0.514
129,Yamatogi (2005),Cochlodinium,polykrikoides,nd,dinoflagellates,25,0.495
129,Yamatogi (2005),Cochlodinium,polykrikoides,nd,dinoflagellates,27.5,0.548
129,Yamatogi (2005),Cochlodinium,polykrikoides,nd,dinoflagellates,30,0.548
129,Yamatogi (2005),Cochlodinium,polykrikoides,nd,dinoflagellates,30,0.514
129,Yamatogi (2005),Cochlodinium,polykrikoides,nd,dinoflagellates,27.5,0.614
129,Yamatogi (2005),Cochlodinium,polykrikoides,nd,dinoflagellates,30,0.51
129,Yamatogi (2005),Cochlodinium,polykrikoides,nd,dinoflagellates,20,0.395
129,Yamatogi (2005),Cochlodinium,polykrikoides,nd,dinoflagellates,22.5,0.395
129,Yamatogi (2005),Cochlodinium,polykrikoides,nd,dinoflagellates,20,0.381
129,Yamatogi (2005),Cochlodinium,polykrikoides,nd,dinoflagellates,17.5,0.329
129,Yamatogi (2005),Cochlodinium,polykrikoides,nd,dinoflagellates,12.5,0.081
129,Yamatogi (2005),Cochlodinium,polykrikoides,nd,dinoflagellates,15,0.214
129,Yamatogi (2005),Cochlodinium,polykrikoides,nd,dinoflagellates,17.5,0.295
129,Yamatogi (2005),Cochlodinium,polykrikoides,nd,dinoflagellates,22.5,0.429
129,Yamatogi (2005),Cochlodinium,polykrikoides,nd,dinoflagellates,12.5,0.095
129,Yamatogi (2005),Cochlodinium,polykrikoides,nd,dinoflagellates,17.5,0.262
129,Yamatogi (2005),Cochlodinium,polykrikoides,nd,dinoflagellates,22.5,0.443
129,Yamatogi (2005),Cochlodinium,polykrikoides,nd,dinoflagellates,22.5,0.414
129,Yamatogi (2005),Cochlodinium,polykrikoides,nd,dinoflagellates,20,0.376
129,Yamatogi (2005),Cochlodinium,polykrikoides,nd,dinoflagellates,20,0.362
129,Yamatogi (2005),Cochlodinium,polykrikoides,nd,dinoflagellates,17.5,0.281
129,Yamatogi (2005),Cochlodinium,polykrikoides,nd,dinoflagellates,27.5,0.529
129,Yamatogi (2005),Cochlodinium,polykrikoides,nd,dinoflagellates,25,0.448
132,Nishikawa & Yamaguchi (2006),Eucampia,zodiacus,Eucampia zodiacus,diatoms,8,0.682056648
132,Nishikawa & Yamaguchi (2006),Eucampia,zodiacus,Eucampia zodiacus,diatoms,9,0.73473582
132,Nishikawa & Yamaguchi (2006),Eucampia,zodiacus,Eucampia zodiacus,diatoms,12.5,0.94267992
132,Nishikawa & Yamaguchi (2006),Eucampia,zodiacus,Eucampia zodiacus,diatoms,15,1.26845901
132,Nishikawa & Yamaguchi (2006),Eucampia,zodiacus,Eucampia zodiacus,diatoms,25,2.09330394
132,Nishikawa & Yamaguchi (2006),Eucampia,zodiacus,Eucampia zodiacus,diatoms,20,2.13489276
138,Baek et al. (2008),Biceratium,furca,Biceratium furca,dinoflagellates,12,0.034
138,Baek et al. (2008),Biceratium,furca,Biceratium furca,dinoflagellates,14,0.208
138,Baek et al. (2008),Biceratium,furca,Biceratium furca,dinoflagellates,16,0.227
138,Baek et al. (2008),Biceratium,furca,Biceratium furca,dinoflagellates,30,0.267
138,Baek et al. (2008),Biceratium,furca,Biceratium furca,dinoflagellates,18,0.433
138,Baek et al. (2008),Biceratium,furca,Biceratium furca,dinoflagellates,20,0.435
138,Baek et al. (2008),Biceratium,furca,Biceratium furca,dinoflagellates,22,0.494
138,Baek et al. (2008),Biceratium,furca,Biceratium furca,dinoflagellates,26,0.521
138,Baek et al. (2008),Biceratium,furca,Biceratium furca,dinoflagellates,28,0.521
138,Baek et al. (2008),Biceratium,furca,Biceratium furca,dinoflagellates,24,0.574
139,Baek et al. (2008),Neoceratium,fusus,Neoceratium fusus,dinoflagellates,16,0.177
139,Baek et al. (2008),Neoceratium,fusus,Neoceratium fusus,dinoflagellates,30,0.217
139,Baek et al. (2008),Neoceratium,fusus,Neoceratium fusus,dinoflagellates,14,0.223
139,Baek et al. (2008),Neoceratium,fusus,Neoceratium fusus,dinoflagellates,18,0.271
139,Baek et al. (2008),Neoceratium,fusus,Neoceratium fusus,dinoflagellates,20,0.351
139,Baek et al. (2008),Neoceratium,fusus,Neoceratium fusus,dinoflagellates,22,0.364
139,Baek et al. (2008),Neoceratium,fusus,Neoceratium fusus,dinoflagellates,24,0.378
139,Baek et al. (2008),Neoceratium,fusus,Neoceratium fusus,dinoflagellates,28,0.465
139,Baek et al. (2008),Neoceratium,fusus,Neoceratium fusus,dinoflagellates,26,0.525
140,Suzuki & Takahashi (1995),Chaetoceros,pseudocurvisetus,Chaetoceros pseudocurvisetus,diatoms,30,1.031
140,Suzuki & Takahashi (1995),Chaetoceros,pseudocurvisetus,Chaetoceros pseudocurvisetus,diatoms,20,1.174
140,Suzuki & Takahashi (1995),Chaetoceros,pseudocurvisetus,Chaetoceros pseudocurvisetus,diatoms,25,1.622
146,Suzuki & Takahashi (1995),Skeletonema,costatum,Skeletonema costatum,diatoms,5,0.218
146,Suzuki & Takahashi (1995),Skeletonema,costatum,Skeletonema costatum,diatoms,10,0.682
146,Suzuki & Takahashi (1995),Skeletonema,costatum,Skeletonema costatum,diatoms,30,0.868
146,Suzuki & Takahashi (1995),Skeletonema,costatum,Skeletonema costatum,diatoms,15,1.02
146,Suzuki & Takahashi (1995),Skeletonema,costatum,Skeletonema costatum,diatoms,20,1.306
146,Suzuki & Takahashi (1995),Skeletonema,costatum,Skeletonema costatum,diatoms,25,1.492
169,Barker (1935),Peridinium,nd,Peridinium,dinoflagellates,8,0.142367241
169,Barker (1935),Peridinium,nd,Peridinium,dinoflagellates,25,0.215917506
169,Barker (1935),Peridinium,nd,Peridinium,dinoflagellates,10,0.253866724
169,Barker (1935),Peridinium,nd,Peridinium,dinoflagellates,25,0.303063174
169,Barker (1935),Peridinium,nd,Peridinium,dinoflagellates,10,0.361164849
169,Barker (1935),Peridinium,nd,Peridinium,dinoflagellates,12.5,0.36672428
169,Barker (1935),Peridinium,nd,Peridinium,dinoflagellates,15,0.368109322
169,Barker (1935),Peridinium,nd,Peridinium,dinoflagellates,10,0.38390093
169,Barker (1935),Peridinium,nd,Peridinium,dinoflagellates,15,0.40279488
169,Barker (1935),Peridinium,nd,Peridinium,dinoflagellates,12.5,0.403463105
169,Barker (1935),Peridinium,nd,Peridinium,dinoflagellates,15,0.449162963
169,Barker (1935),Peridinium,nd,Peridinium,dinoflagellates,20,0.501381165
169,Barker (1935),Peridinium,nd,Peridinium,dinoflagellates,20,0.572673027
169,Barker (1935),Peridinium,nd,Peridinium,dinoflagellates,18,0.591668012
169,Barker (1935),Peridinium,nd,Peridinium,dinoflagellates,20,0.62486834
169,Barker (1935),Peridinium,nd,Peridinium,dinoflagellates,18,0.664747706
169,Barker (1935),Peridinium,nd,Peridinium,dinoflagellates,18,0.685618914
169,Barker (1935),Peridinium,nd,Peridinium,dinoflagellates,18,0.727065399
170,Barker (1935),Prorocentrum,gracile,Prorocentrum gracile,dinoflagellates,8,0.089840704
170,Barker (1935),Prorocentrum,gracile,Prorocentrum gracile,dinoflagellates,10,0.107957142
170,Barker (1935),Prorocentrum,gracile,Prorocentrum gracile,dinoflagellates,20,0.360467742
170,Barker (1935),Prorocentrum,gracile,Prorocentrum gracile,dinoflagellates,20,0.430482871
170,Barker (1935),Prorocentrum,gracile,Prorocentrum gracile,dinoflagellates,18,0.56815069
170,Barker (1935),Prorocentrum,gracile,Prorocentrum gracile,dinoflagellates,18,0.5982869
170,Barker (1935),Prorocentrum,gracile,Prorocentrum gracile,dinoflagellates,18,0.63180355
170,Barker (1935),Prorocentrum,gracile,Prorocentrum gracile,dinoflagellates,18,0.642905964
171,Barker (1935),Prorocentrum,micans,Prorocentrum micans,dinoflagellates,10,0.080657903
171,Barker (1935),Prorocentrum,micans,Prorocentrum micans,dinoflagellates,8,0.09803374
171,Barker (1935),Prorocentrum,micans,Prorocentrum micans,dinoflagellates,10,0.099845335
171,Barker (1935),Prorocentrum,micans,Prorocentrum micans,dinoflagellates,10,0.126632651
171,Barker (1935),Prorocentrum,micans,Prorocentrum micans,dinoflagellates,12.5,0.220740667
171,Barker (1935),Prorocentrum,micans,Prorocentrum micans,dinoflagellates,12.5,0.255417112
171,Barker (1935),Prorocentrum,micans,Prorocentrum micans,dinoflagellates,15,0.261594738
171,Barker (1935),Prorocentrum,micans,Prorocentrum micans,dinoflagellates,15,0.300104592
171,Barker (1935),Prorocentrum,micans,Prorocentrum micans,dinoflagellates,20,0.352064331
171,Barker (1935),Prorocentrum,micans,Prorocentrum micans,dinoflagellates,15,0.359770149
171,Barker (1935),Prorocentrum,micans,Prorocentrum micans,dinoflagellates,18,0.381172416
171,Barker (1935),Prorocentrum,micans,Prorocentrum micans,dinoflagellates,20,0.381172416
171,Barker (1935),Prorocentrum,micans,Prorocentrum micans,dinoflagellates,18,0.401457087
171,Barker (1935),Prorocentrum,micans,Prorocentrum micans,dinoflagellates,18,0.463104888
171,Barker (1935),Prorocentrum,micans,Prorocentrum micans,dinoflagellates,20,0.468126869
171,Barker (1935),Prorocentrum,micans,Prorocentrum micans,dinoflagellates,25,0.518198378
171,Barker (1935),Prorocentrum,micans,Prorocentrum micans,dinoflagellates,25,0.542324291
171,Barker (1935),Prorocentrum,micans,Prorocentrum micans,dinoflagellates,25,0.554459661
173,Anderson (1985),Gyrodinium,uncatenum,Gyrodinium uncatenum,dinoflagellates,11.3,0.074166748
173,Anderson (1985),Gyrodinium,uncatenum,Gyrodinium uncatenum,dinoflagellates,13,0.166355323
173,Anderson (1985),Gyrodinium,uncatenum,Gyrodinium uncatenum,dinoflagellates,15,0.189922327
173,Anderson (1985),Gyrodinium,uncatenum,Gyrodinium uncatenum,dinoflagellates,18,0.254385015
173,Anderson (1985),Gyrodinium,uncatenum,Gyrodinium uncatenum,dinoflagellates,16,0.26062334
173,Anderson (1985),Gyrodinium,uncatenum,Gyrodinium uncatenum,dinoflagellates,19,0.289042374
173,Anderson (1985),Gyrodinium,uncatenum,Gyrodinium uncatenum,dinoflagellates,34,0.289042374
173,Anderson (1985),Gyrodinium,uncatenum,Gyrodinium uncatenum,dinoflagellates,31,0.34657359
173,Anderson (1985),Gyrodinium,uncatenum,Gyrodinium uncatenum,dinoflagellates,20,0.364595417
173,Anderson (1985),Gyrodinium,uncatenum,Gyrodinium uncatenum,dinoflagellates,22,0.381230949
173,Anderson (1985),Gyrodinium,uncatenum,Gyrodinium uncatenum,dinoflagellates,23,0.433910135
173,Anderson (1985),Gyrodinium,uncatenum,Gyrodinium uncatenum,dinoflagellates,30,0.445693637
173,Anderson (1985),Gyrodinium,uncatenum,Gyrodinium uncatenum,dinoflagellates,27,0.450545667
173,Anderson (1985),Gyrodinium,uncatenum,Gyrodinium uncatenum,dinoflagellates,25,0.462329169
173,Anderson (1985),Gyrodinium,uncatenum,Gyrodinium uncatenum,dinoflagellates,26,0.462329169
173,Anderson (1985),Gyrodinium,uncatenum,Gyrodinium uncatenum,dinoflagellates,33,0.462329169
173,Anderson (1985),Gyrodinium,uncatenum,Gyrodinium uncatenum,dinoflagellates,28.5,0.478271555
181,Hulburt (1982),Chaetoceros,lorenzianus,Chaetoceros lorenzianus,diatoms,14,0.415888308
181,Hulburt (1982),Chaetoceros,lorenzianus,Chaetoceros lorenzianus,diatoms,11,0.693147181
181,Hulburt (1982),Chaetoceros,lorenzianus,Chaetoceros lorenzianus,diatoms,17,0.831776617
181,Hulburt (1982),Chaetoceros,lorenzianus,Chaetoceros lorenzianus,diatoms,24,0.901091335
181,Hulburt (1982),Chaetoceros,lorenzianus,Chaetoceros lorenzianus,diatoms,33,1.386294361
181,Hulburt (1982),Chaetoceros,lorenzianus,Chaetoceros lorenzianus,diatoms,30,1.594238515
181,Hulburt (1982),Chaetoceros,lorenzianus,Chaetoceros lorenzianus,diatoms,27,1.732867951
188,Guillard & Ryther (1962),Conticribra,guillardii,Conticribra guillardii,diatoms,4,0.399252776
188,Guillard & Ryther (1962),Conticribra,guillardii,Conticribra guillardii,diatoms,25,0.937828135
188,Guillard & Ryther (1962),Conticribra,guillardii,Conticribra guillardii,diatoms,10,1.20954183
188,Guillard & Ryther (1962),Conticribra,guillardii,Conticribra guillardii,diatoms,20,1.449370755
188,Guillard & Ryther (1962),Conticribra,guillardii,Conticribra guillardii,diatoms,15,1.476403495
191,Maddux & Jones (1964),Cylindrotheca,closterium,Cylindrotheca closterium,diatoms,22.5,0.028419034
191,Maddux & Jones (1964),Cylindrotheca,closterium,Cylindrotheca closterium,diatoms,10,0.153185527
191,Maddux & Jones (1964),Cylindrotheca,closterium,Cylindrotheca closterium,diatoms,10,0.173979942
191,Maddux & Jones (1964),Cylindrotheca,closterium,Cylindrotheca closterium,diatoms,17.5,0.17467309
191,Maddux & Jones (1964),Cylindrotheca,closterium,Cylindrotheca closterium,diatoms,16,0.207251007
191,Maddux & Jones (1964),Cylindrotheca,closterium,Cylindrotheca closterium,diatoms,31,0.303598465
191,Maddux & Jones (1964),Cylindrotheca,closterium,Cylindrotheca closterium,diatoms,16,0.45470455
191,Maddux & Jones (1964),Cylindrotheca,closterium,Cylindrotheca closterium,diatoms,22.5,0.569766982
194,Ryther (1954),Phaeodactylum,tricornutum,Phaeodactylum tricornutum,diatoms,25,0.131697964
194,Ryther (1954),Phaeodactylum,tricornutum,Phaeodactylum tricornutum,diatoms,5,0.201012682
194,Ryther (1954),Phaeodactylum,tricornutum,Phaeodactylum tricornutum,diatoms,20,0.277258872
194,Ryther (1954),Phaeodactylum,tricornutum,Phaeodactylum tricornutum,diatoms,10,0.291121816
194,Ryther (1954),Phaeodactylum,tricornutum,Phaeodactylum tricornutum,diatoms,15,0.332710647
198,Guillard & Ryther (1962),Thalassiosira,pseudonana,Thalassiosira pseudonana,diatoms,4,0.146947202
198,Guillard & Ryther (1962),Thalassiosira,pseudonana,Thalassiosira pseudonana,diatoms,32.5,0.333405675
198,Guillard & Ryther (1962),Thalassiosira,pseudonana,Thalassiosira pseudonana,diatoms,32.5,0.348567212
198,Guillard & Ryther (1962),Thalassiosira,pseudonana,Thalassiosira pseudonana,diatoms,10,0.414142102
198,Guillard & Ryther (1962),Thalassiosira,pseudonana,Thalassiosira pseudonana,diatoms,10,0.44388468
198,Guillard & Ryther (1962),Thalassiosira,pseudonana,Thalassiosira pseudonana,diatoms,10,0.460587151
198,Guillard & Ryther (1962),Thalassiosira,pseudonana,Thalassiosira pseudonana,diatoms,10,0.465544097
198,Guillard & Ryther (1962),Thalassiosira,pseudonana,Thalassiosira pseudonana,diatoms,10,0.485358505
198,Guillard & Ryther (1962),Thalassiosira,pseudonana,Thalassiosira pseudonana,diatoms,8,0.49
198,Guillard & Ryther (1962),Thalassiosira,pseudonana,Thalassiosira pseudonana,diatoms,10,0.493987503
198,Guillard & Ryther (1962),Thalassiosira,pseudonana,Thalassiosira pseudonana,diatoms,17,0.496293381
198,Guillard & Ryther (1962),Thalassiosira,pseudonana,Thalassiosira pseudonana,diatoms,25,0.506690589
198,Guillard & Ryther (1962),Thalassiosira,pseudonana,Thalassiosira pseudonana,diatoms,32.5,0.512197205
198,Guillard & Ryther (1962),Thalassiosira,pseudonana,Thalassiosira pseudonana,diatoms,10,0.58
198,Guillard & Ryther (1962),Thalassiosira,pseudonana,Thalassiosira pseudonana,diatoms,15,0.596634192
198,Guillard & Ryther (1962),Thalassiosira,pseudonana,Thalassiosira pseudonana,diatoms,10,0.61
198,Guillard & Ryther (1962),Thalassiosira,pseudonana,Thalassiosira pseudonana,diatoms,15,0.620262791
198,Guillard & Ryther (1962),Thalassiosira,pseudonana,Thalassiosira pseudonana,diatoms,32.5,0.622674131
198,Guillard & Ryther (1962),Thalassiosira,pseudonana,Thalassiosira pseudonana,diatoms,15,0.628135687
198,Guillard & Ryther (1962),Thalassiosira,pseudonana,Thalassiosira pseudonana,diatoms,10,0.64
198,Guillard & Ryther (1962),Thalassiosira,pseudonana,Thalassiosira pseudonana,diatoms,15,0.662052061
198,Guillard & Ryther (1962),Thalassiosira,pseudonana,Thalassiosira pseudonana,diatoms,20,0.680670531
198,Guillard & Ryther (1962),Thalassiosira,pseudonana,Thalassiosira pseudonana,diatoms,10,0.709
198,Guillard & Ryther (1962),Thalassiosira,pseudonana,Thalassiosira pseudonana,diatoms,15,0.715582074
198,Guillard & Ryther (1962),Thalassiosira,pseudonana,Thalassiosira pseudonana,diatoms,32.5,0.728842735
198,Guillard & Ryther (1962),Thalassiosira,pseudonana,Thalassiosira pseudonana,diatoms,15,0.740308
198,Guillard & Ryther (1962),Thalassiosira,pseudonana,Thalassiosira pseudonana,diatoms,32.5,0.767661061
198,Guillard & Ryther (1962),Thalassiosira,pseudonana,Thalassiosira pseudonana,diatoms,15,0.821
198,Guillard & Ryther (1962),Thalassiosira,pseudonana,Thalassiosira pseudonana,diatoms,21,0.879603772
198,Guillard & Ryther (1962),Thalassiosira,pseudonana,Thalassiosira pseudonana,diatoms,25,0.89000098
198,Guillard & Ryther (1962),Thalassiosira,pseudonana,Thalassiosira pseudonana,diatoms,17,0.918420014
198,Guillard & Ryther (1962),Thalassiosira,pseudonana,Thalassiosira pseudonana,diatoms,15,0.921
198,Guillard & Ryther (1962),Thalassiosira,pseudonana,Thalassiosira pseudonana,diatoms,21,0.943373313
198,Guillard & Ryther (1962),Thalassiosira,pseudonana,Thalassiosira pseudonana,diatoms,20,0.964167728
198,Guillard & Ryther (1962),Thalassiosira,pseudonana,Thalassiosira pseudonana,diatoms,15,1.03
198,Guillard & Ryther (1962),Thalassiosira,pseudonana,Thalassiosira pseudonana,diatoms,25,1.049112443
198,Guillard & Ryther (1962),Thalassiosira,pseudonana,Thalassiosira pseudonana,diatoms,20,1.081943817
198,Guillard & Ryther (1962),Thalassiosira,pseudonana,Thalassiosira pseudonana,diatoms,20,1.101483867
198,Guillard & Ryther (1962),Thalassiosira,pseudonana,Thalassiosira pseudonana,diatoms,20,1.136658506
198,Guillard & Ryther (1962),Thalassiosira,pseudonana,Thalassiosira pseudonana,diatoms,17,1.13814767
198,Guillard & Ryther (1962),Thalassiosira,pseudonana,Thalassiosira pseudonana,diatoms,20,1.140575294
198,Guillard & Ryther (1962),Thalassiosira,pseudonana,Thalassiosira pseudonana,diatoms,25,1.17350483
198,Guillard & Ryther (1962),Thalassiosira,pseudonana,Thalassiosira pseudonana,diatoms,25,1.174942418
198,Guillard & Ryther (1962),Thalassiosira,pseudonana,Thalassiosira pseudonana,diatoms,20,1.17779369
198,Guillard & Ryther (1962),Thalassiosira,pseudonana,Thalassiosira pseudonana,diatoms,20,1.200564428
198,Guillard & Ryther (1962),Thalassiosira,pseudonana,Thalassiosira pseudonana,diatoms,30,1.237987046
198,Guillard & Ryther (1962),Thalassiosira,pseudonana,Thalassiosira pseudonana,diatoms,25,1.265686752
198,Guillard & Ryther (1962),Thalassiosira,pseudonana,Thalassiosira pseudonana,diatoms,15,1.268
198,Guillard & Ryther (1962),Thalassiosira,pseudonana,Thalassiosira pseudonana,diatoms,20,1.271
198,Guillard & Ryther (1962),Thalassiosira,pseudonana,Thalassiosira pseudonana,diatoms,20,1.276083959
198,Guillard & Ryther (1962),Thalassiosira,pseudonana,Thalassiosira pseudonana,diatoms,20,1.31
198,Guillard & Ryther (1962),Thalassiosira,pseudonana,Thalassiosira pseudonana,diatoms,30,1.337524306
198,Guillard & Ryther (1962),Thalassiosira,pseudonana,Thalassiosira pseudonana,diatoms,30,1.351280195
198,Guillard & Ryther (1962),Thalassiosira,pseudonana,Thalassiosira pseudonana,diatoms,25,1.362438886
198,Guillard & Ryther (1962),Thalassiosira,pseudonana,Thalassiosira pseudonana,diatoms,21,1.375897153
198,Guillard & Ryther (1962),Thalassiosira,pseudonana,Thalassiosira pseudonana,diatoms,30,1.385453218
198,Guillard & Ryther (1962),Thalassiosira,pseudonana,Thalassiosira pseudonana,diatoms,30,1.391382254
198,Guillard & Ryther (1962),Thalassiosira,pseudonana,Thalassiosira pseudonana,diatoms,30,1.394853581
198,Guillard & Ryther (1962),Thalassiosira,pseudonana,Thalassiosira pseudonana,diatoms,25,1.398223398
198,Guillard & Ryther (1962),Thalassiosira,pseudonana,Thalassiosira pseudonana,diatoms,10,1.440359841
198,Guillard & Ryther (1962),Thalassiosira,pseudonana,Thalassiosira pseudonana,diatoms,15,1.442439283
198,Guillard & Ryther (1962),Thalassiosira,pseudonana,Thalassiosira pseudonana,diatoms,17,1.51
198,Guillard & Ryther (1962),Thalassiosira,pseudonana,Thalassiosira pseudonana,diatoms,25,1.621
198,Guillard & Ryther (1962),Thalassiosira,pseudonana,Thalassiosira pseudonana,diatoms,25,1.661
198,Guillard & Ryther (1962),Thalassiosira,pseudonana,Thalassiosira pseudonana,diatoms,25,1.691
198,Guillard & Ryther (1962),Thalassiosira,pseudonana,Thalassiosira pseudonana,diatoms,20,1.697
198,Guillard & Ryther (1962),Thalassiosira,pseudonana,Thalassiosira pseudonana,diatoms,20,1.709994094
198,Guillard & Ryther (1962),Thalassiosira,pseudonana,Thalassiosira pseudonana,diatoms,25,1.747
198,Guillard & Ryther (1962),Thalassiosira,pseudonana,Thalassiosira pseudonana,diatoms,20,1.796
198,Guillard & Ryther (1962),Thalassiosira,pseudonana,Thalassiosira pseudonana,diatoms,25,1.83406744
198,Guillard & Ryther (1962),Thalassiosira,pseudonana,Thalassiosira pseudonana,diatoms,17.5,1.864
198,Guillard & Ryther (1962),Thalassiosira,pseudonana,Thalassiosira pseudonana,diatoms,25,2.385
200,Guillard & Ryther (1962),Thalassiosira,pseudonana,Thalassiosira pseudonana,diatoms,4,0.214182479
200,Guillard & Ryther (1962),Thalassiosira,pseudonana,Thalassiosira pseudonana,diatoms,10,0.880990066
200,Guillard & Ryther (1962),Thalassiosira,pseudonana,Thalassiosira pseudonana,diatoms,15,1.42580375
200,Guillard & Ryther (1962),Thalassiosira,pseudonana,Thalassiosira pseudonana,diatoms,25,1.682268207
200,Guillard & Ryther (1962),Thalassiosira,pseudonana,Thalassiosira pseudonana,diatoms,20,1.869417946
205,Hulburt (1982),Skeletonema,marinoi,Skeletonema marinoi,diatoms,2.8,0.263395929
205,Hulburt (1982),Skeletonema,marinoi,Skeletonema marinoi,diatoms,4,0.34657359
205,Hulburt (1982),Skeletonema,marinoi,Skeletonema marinoi,diatoms,7,0.519860385
205,Hulburt (1982),Skeletonema,marinoi,Skeletonema marinoi,diatoms,10,0.637695406
205,Hulburt (1982),Skeletonema,marinoi,Skeletonema marinoi,diatoms,13,0.720873068
205,Hulburt (1982),Skeletonema,marinoi,Skeletonema marinoi,diatoms,16,0.92188575
205,Hulburt (1982),Skeletonema,marinoi,Skeletonema marinoi,diatoms,22.2,1.095172545
205,Hulburt (1982),Skeletonema,marinoi,Skeletonema marinoi,diatoms,19,1.15062432
205,Hulburt (1982),Skeletonema,marinoi,Skeletonema marinoi,diatoms,27.5,1.247664925
205,Hulburt (1982),Skeletonema,marinoi,Skeletonema marinoi,diatoms,24.5,1.316979643
206,Curl & McLeod (1961),Skeletonema,costatum,Skeletonema costatum,diatoms,5,0.055451774
206,Curl & McLeod (1961),Skeletonema,costatum,Skeletonema costatum,diatoms,5,0.145560908
206,Curl & McLeod (1961),Skeletonema,costatum,Skeletonema costatum,diatoms,10,0.325779175
206,Curl & McLeod (1961),Skeletonema,costatum,Skeletonema costatum,diatoms,10,0.34657359
206,Curl & McLeod (1961),Skeletonema,costatum,Skeletonema costatum,diatoms,10,0.353505062
206,Curl & McLeod (1961),Skeletonema,costatum,Skeletonema costatum,diatoms,15,0.616900991
206,Curl & McLeod (1961),Skeletonema,costatum,Skeletonema costatum,diatoms,30,0.65155835
206,Curl & McLeod (1961),Skeletonema,costatum,Skeletonema costatum,diatoms,30,0.707010124
206,Curl & McLeod (1961),Skeletonema,costatum,Skeletonema costatum,diatoms,30,0.72780454
206,Curl & McLeod (1961),Skeletonema,costatum,Skeletonema costatum,diatoms,30,0.824845145
206,Curl & McLeod (1961),Skeletonema,costatum,Skeletonema costatum,diatoms,20,0.838708088
206,Curl & McLeod (1961),Skeletonema,costatum,Skeletonema costatum,diatoms,20,0.84563956
206,Curl & McLeod (1961),Skeletonema,costatum,Skeletonema costatum,diatoms,15,0.859502504
206,Curl & McLeod (1961),Skeletonema,costatum,Skeletonema costatum,diatoms,20,0.859502504
206,Curl & McLeod (1961),Skeletonema,costatum,Skeletonema costatum,diatoms,15,0.887228391
206,Curl & McLeod (1961),Skeletonema,costatum,Skeletonema costatum,diatoms,20,0.935748694
210,Karentz & Smayda (1984) from Teng (unpubl.),Asterionellopsis,glacialis,Asterionellopsis glacialis,diatoms,0,0.298053288
210,Karentz & Smayda (1984) from Teng (unpubl.),Asterionellopsis,glacialis,Asterionellopsis glacialis,diatoms,5,0.658489822
210,Karentz & Smayda (1984) from Teng (unpubl.),Asterionellopsis,glacialis,Asterionellopsis glacialis,diatoms,10,1.109035489
210,Karentz & Smayda (1984) from Teng (unpubl.),Asterionellopsis,glacialis,Asterionellopsis glacialis,diatoms,15,1.538786741
210,Karentz & Smayda (1984) from Teng (unpubl.),Asterionellopsis,glacialis,Asterionellopsis glacialis,diatoms,20,1.892291803
210,Karentz & Smayda (1984) from Teng (unpubl.),Asterionellopsis,glacialis,Asterionellopsis glacialis,diatoms,28,1.92001769
210,Karentz & Smayda (1984) from Teng (unpubl.),Asterionellopsis,glacialis,Asterionellopsis glacialis,diatoms,25,1.989332408
211,Guillard & Ryther (1962),Detonula,confervacea,Detonula confervacea,diatoms,2,0.013862944
211,Guillard & Ryther (1962),Detonula,confervacea,Detonula confervacea,diatoms,2,0.069314718
211,Guillard & Ryther (1962),Detonula,confervacea,Detonula confervacea,diatoms,2,0.090109133
211,Guillard & Ryther (1962),Detonula,confervacea,Detonula confervacea,diatoms,2,0.110903549
211,Guillard & Ryther (1962),Detonula,confervacea,Detonula confervacea,diatoms,7,0.15249238
211,Guillard & Ryther (1962),Detonula,confervacea,Detonula confervacea,diatoms,12,0.173286795
211,Guillard & Ryther (1962),Detonula,confervacea,Detonula confervacea,diatoms,7,0.180218267
211,Guillard & Ryther (1962),Detonula,confervacea,Detonula confervacea,diatoms,2,0.187149739
211,Guillard & Ryther (1962),Detonula,confervacea,Detonula confervacea,diatoms,2,0.242601513
211,Guillard & Ryther (1962),Detonula,confervacea,Detonula confervacea,diatoms,2,0.277258872
211,Guillard & Ryther (1962),Detonula,confervacea,Detonula confervacea,diatoms,2,0.284190344
211,Guillard & Ryther (1962),Detonula,confervacea,Detonula confervacea,diatoms,2,0.304984759
211,Guillard & Ryther (1962),Detonula,confervacea,Detonula confervacea,diatoms,12,0.332710647
211,Guillard & Ryther (1962),Detonula,confervacea,Detonula confervacea,diatoms,2,0.34657359
211,Guillard & Ryther (1962),Detonula,confervacea,Detonula confervacea,diatoms,7,0.388162421
211,Guillard & Ryther (1962),Detonula,confervacea,Detonula confervacea,diatoms,2,0.402025365
211,Guillard & Ryther (1962),Detonula,confervacea,Detonula confervacea,diatoms,2,0.443614196
211,Guillard & Ryther (1962),Detonula,confervacea,Detonula confervacea,diatoms,12,0.464408611
211,Guillard & Ryther (1962),Detonula,confervacea,Detonula confervacea,diatoms,2,0.492134498
211,Guillard & Ryther (1962),Detonula,confervacea,Detonula confervacea,diatoms,12,0.49906597
211,Guillard & Ryther (1962),Detonula,confervacea,Detonula confervacea,diatoms,2,0.519860385
211,Guillard & Ryther (1962),Detonula,confervacea,Detonula confervacea,diatoms,12,0.519860385
211,Guillard & Ryther (1962),Detonula,confervacea,Detonula confervacea,diatoms,2,0.533723329
211,Guillard & Ryther (1962),Detonula,confervacea,Detonula confervacea,diatoms,15,0.546893125
211,Guillard & Ryther (1962),Detonula,confervacea,Detonula confervacea,diatoms,7,0.547586273
211,Guillard & Ryther (1962),Detonula,confervacea,Detonula confervacea,diatoms,4,0.555210892
211,Guillard & Ryther (1962),Detonula,confervacea,Detonula confervacea,diatoms,2,0.561449216
211,Guillard & Ryther (1962),Detonula,confervacea,Detonula confervacea,diatoms,2,0.603038047
211,Guillard & Ryther (1962),Detonula,confervacea,Detonula confervacea,diatoms,7,0.623832463
211,Guillard & Ryther (1962),Detonula,confervacea,Detonula confervacea,diatoms,12,0.623832463
211,Guillard & Ryther (1962),Detonula,confervacea,Detonula confervacea,diatoms,12,0.637695406
211,Guillard & Ryther (1962),Detonula,confervacea,Detonula confervacea,diatoms,7,0.644626878
211,Guillard & Ryther (1962),Detonula,confervacea,Detonula confervacea,diatoms,7,0.65155835
211,Guillard & Ryther (1962),Detonula,confervacea,Detonula confervacea,diatoms,12,0.665421293
211,Guillard & Ryther (1962),Detonula,confervacea,Detonula confervacea,diatoms,7,0.672352765
211,Guillard & Ryther (1962),Detonula,confervacea,Detonula confervacea,diatoms,12,0.672352765
211,Guillard & Ryther (1962),Detonula,confervacea,Detonula confervacea,diatoms,12,0.679284237
211,Guillard & Ryther (1962),Detonula,confervacea,Detonula confervacea,diatoms,12,0.686215709
211,Guillard & Ryther (1962),Detonula,confervacea,Detonula confervacea,diatoms,12,0.693147181
211,Guillard & Ryther (1962),Detonula,confervacea,Detonula confervacea,diatoms,2,0.700078652
211,Guillard & Ryther (1962),Detonula,confervacea,Detonula confervacea,diatoms,7,0.72780454
211,Guillard & Ryther (1962),Detonula,confervacea,Detonula confervacea,diatoms,12,0.72780454
211,Guillard & Ryther (1962),Detonula,confervacea,Detonula confervacea,diatoms,2,0.734736011
211,Guillard & Ryther (1962),Detonula,confervacea,Detonula confervacea,diatoms,12,0.755530427
211,Guillard & Ryther (1962),Detonula,confervacea,Detonula confervacea,diatoms,2,0.762461899
211,Guillard & Ryther (1962),Detonula,confervacea,Detonula confervacea,diatoms,2,0.76939337
211,Guillard & Ryther (1962),Detonula,confervacea,Detonula confervacea,diatoms,2,0.804050729
211,Guillard & Ryther (1962),Detonula,confervacea,Detonula confervacea,diatoms,2,0.810982201
211,Guillard & Ryther (1962),Detonula,confervacea,Detonula confervacea,diatoms,7,0.824845145
211,Guillard & Ryther (1962),Detonula,confervacea,Detonula confervacea,diatoms,12,0.824845145
211,Guillard & Ryther (1962),Detonula,confervacea,Detonula confervacea,diatoms,2,0.831776617
211,Guillard & Ryther (1962),Detonula,confervacea,Detonula confervacea,diatoms,7,0.831776617
211,Guillard & Ryther (1962),Detonula,confervacea,Detonula confervacea,diatoms,7,0.838708088
211,Guillard & Ryther (1962),Detonula,confervacea,Detonula confervacea,diatoms,2,0.84563956
211,Guillard & Ryther (1962),Detonula,confervacea,Detonula confervacea,diatoms,7,0.866433976
211,Guillard & Ryther (1962),Detonula,confervacea,Detonula confervacea,diatoms,7,0.887228391
211,Guillard & Ryther (1962),Detonula,confervacea,Detonula confervacea,diatoms,7,0.901091335
211,Guillard & Ryther (1962),Detonula,confervacea,Detonula confervacea,diatoms,7,0.935748694
211,Guillard & Ryther (1962),Detonula,confervacea,Detonula confervacea,diatoms,7,0.942680166
211,Guillard & Ryther (1962),Detonula,confervacea,Detonula confervacea,diatoms,7,0.949611637
211,Guillard & Ryther (1962),Detonula,confervacea,Detonula confervacea,diatoms,12,0.956543109
211,Guillard & Ryther (1962),Detonula,confervacea,Detonula confervacea,diatoms,10,0.969712906
211,Guillard & Ryther (1962),Detonula,confervacea,Detonula confervacea,diatoms,7,0.970406053
211,Guillard & Ryther (1962),Detonula,confervacea,Detonula confervacea,diatoms,7,0.977337525
211,Guillard & Ryther (1962),Detonula,confervacea,Detonula confervacea,diatoms,7,0.991200468
211,Guillard & Ryther (1962),Detonula,confervacea,Detonula confervacea,diatoms,7,1.018926355
211,Guillard & Ryther (1962),Detonula,confervacea,Detonula confervacea,diatoms,12,1.018926355
211,Guillard & Ryther (1962),Detonula,confervacea,Detonula confervacea,diatoms,12,1.032789299
211,Guillard & Ryther (1962),Detonula,confervacea,Detonula confervacea,diatoms,7,1.039720771
211,Guillard & Ryther (1962),Detonula,confervacea,Detonula confervacea,diatoms,12,1.039720771
211,Guillard & Ryther (1962),Detonula,confervacea,Detonula confervacea,diatoms,7,1.053583714
211,Guillard & Ryther (1962),Detonula,confervacea,Detonula confervacea,diatoms,12,1.07437813
211,Guillard & Ryther (1962),Detonula,confervacea,Detonula confervacea,diatoms,7,1.102104017
214,Ignatiades & Smayda (1970),Dactyliosolen,fragilissimus,Dactyliosolen fragilissimus,diatoms,9,0.311916231
214,Ignatiades & Smayda (1970),Dactyliosolen,fragilissimus,Dactyliosolen fragilissimus,diatoms,9,0.332710647
214,Ignatiades & Smayda (1970),Dactyliosolen,fragilissimus,Dactyliosolen fragilissimus,diatoms,9,0.34657359
214,Ignatiades & Smayda (1970),Dactyliosolen,fragilissimus,Dactyliosolen fragilissimus,diatoms,9,0.381230949
214,Ignatiades & Smayda (1970),Dactyliosolen,fragilissimus,Dactyliosolen fragilissimus,diatoms,25,0.388162421
214,Ignatiades & Smayda (1970),Dactyliosolen,fragilissimus,Dactyliosolen fragilissimus,diatoms,9,0.395093893
214,Ignatiades & Smayda (1970),Dactyliosolen,fragilissimus,Dactyliosolen fragilissimus,diatoms,9,0.402025365
214,Ignatiades & Smayda (1970),Dactyliosolen,fragilissimus,Dactyliosolen fragilissimus,diatoms,9,0.408956837
214,Ignatiades & Smayda (1970),Dactyliosolen,fragilissimus,Dactyliosolen fragilissimus,diatoms,9,0.415888308
214,Ignatiades & Smayda (1970),Dactyliosolen,fragilissimus,Dactyliosolen fragilissimus,diatoms,9,0.429751252
214,Ignatiades & Smayda (1970),Dactyliosolen,fragilissimus,Dactyliosolen fragilissimus,diatoms,25,0.429751252
214,Ignatiades & Smayda (1970),Dactyliosolen,fragilissimus,Dactyliosolen fragilissimus,diatoms,9,0.436682724
214,Ignatiades & Smayda (1970),Dactyliosolen,fragilissimus,Dactyliosolen fragilissimus,diatoms,9,0.450545667
214,Ignatiades & Smayda (1970),Dactyliosolen,fragilissimus,Dactyliosolen fragilissimus,diatoms,9,0.457477139
214,Ignatiades & Smayda (1970),Dactyliosolen,fragilissimus,Dactyliosolen fragilissimus,diatoms,9,0.464408611
214,Ignatiades & Smayda (1970),Dactyliosolen,fragilissimus,Dactyliosolen fragilissimus,diatoms,25,0.471340083
214,Ignatiades & Smayda (1970),Dactyliosolen,fragilissimus,Dactyliosolen fragilissimus,diatoms,9,0.485203026
214,Ignatiades & Smayda (1970),Dactyliosolen,fragilissimus,Dactyliosolen fragilissimus,diatoms,12,0.492134498
214,Ignatiades & Smayda (1970),Dactyliosolen,fragilissimus,Dactyliosolen fragilissimus,diatoms,12,0.49906597
214,Ignatiades & Smayda (1970),Dactyliosolen,fragilissimus,Dactyliosolen fragilissimus,diatoms,12,0.505997442
214,Ignatiades & Smayda (1970),Dactyliosolen,fragilissimus,Dactyliosolen fragilissimus,diatoms,12,0.540654801
214,Ignatiades & Smayda (1970),Dactyliosolen,fragilissimus,Dactyliosolen fragilissimus,diatoms,25,0.547586273
214,Ignatiades & Smayda (1970),Dactyliosolen,fragilissimus,Dactyliosolen fragilissimus,diatoms,12,0.568380688
214,Ignatiades & Smayda (1970),Dactyliosolen,fragilissimus,Dactyliosolen fragilissimus,diatoms,18,0.57531216
214,Ignatiades & Smayda (1970),Dactyliosolen,fragilissimus,Dactyliosolen fragilissimus,diatoms,25,0.57531216
214,Ignatiades & Smayda (1970),Dactyliosolen,fragilissimus,Dactyliosolen fragilissimus,diatoms,12,0.582243632
214,Ignatiades & Smayda (1970),Dactyliosolen,fragilissimus,Dactyliosolen fragilissimus,diatoms,12,0.603038047
214,Ignatiades & Smayda (1970),Dactyliosolen,fragilissimus,Dactyliosolen fragilissimus,diatoms,12,0.609969519
214,Ignatiades & Smayda (1970),Dactyliosolen,fragilissimus,Dactyliosolen fragilissimus,diatoms,12,0.616900991
214,Ignatiades & Smayda (1970),Dactyliosolen,fragilissimus,Dactyliosolen fragilissimus,diatoms,12,0.630763934
214,Ignatiades & Smayda (1970),Dactyliosolen,fragilissimus,Dactyliosolen fragilissimus,diatoms,18,0.630763934
214,Ignatiades & Smayda (1970),Dactyliosolen,fragilissimus,Dactyliosolen fragilissimus,diatoms,30,0.630763934
214,Ignatiades & Smayda (1970),Dactyliosolen,fragilissimus,Dactyliosolen fragilissimus,diatoms,12,0.637695406
214,Ignatiades & Smayda (1970),Dactyliosolen,fragilissimus,Dactyliosolen fragilissimus,diatoms,12,0.644626878
214,Ignatiades & Smayda (1970),Dactyliosolen,fragilissimus,Dactyliosolen fragilissimus,diatoms,18,0.644626878
214,Ignatiades & Smayda (1970),Dactyliosolen,fragilissimus,Dactyliosolen fragilissimus,diatoms,12,0.65155835
214,Ignatiades & Smayda (1970),Dactyliosolen,fragilissimus,Dactyliosolen fragilissimus,diatoms,18,0.672352765
214,Ignatiades & Smayda (1970),Dactyliosolen,fragilissimus,Dactyliosolen fragilissimus,diatoms,18,0.679284237
214,Ignatiades & Smayda (1970),Dactyliosolen,fragilissimus,Dactyliosolen fragilissimus,diatoms,12,0.693147181
214,Ignatiades & Smayda (1970),Dactyliosolen,fragilissimus,Dactyliosolen fragilissimus,diatoms,18,0.693147181
214,Ignatiades & Smayda (1970),Dactyliosolen,fragilissimus,Dactyliosolen fragilissimus,diatoms,25,0.693147181
214,Ignatiades & Smayda (1970),Dactyliosolen,fragilissimus,Dactyliosolen fragilissimus,diatoms,12,0.700078652
214,Ignatiades & Smayda (1970),Dactyliosolen,fragilissimus,Dactyliosolen fragilissimus,diatoms,25,0.707010124
214,Ignatiades & Smayda (1970),Dactyliosolen,fragilissimus,Dactyliosolen fragilissimus,diatoms,25,0.713941596
214,Ignatiades & Smayda (1970),Dactyliosolen,fragilissimus,Dactyliosolen fragilissimus,diatoms,18,0.720873068
214,Ignatiades & Smayda (1970),Dactyliosolen,fragilissimus,Dactyliosolen fragilissimus,diatoms,12,0.72780454
214,Ignatiades & Smayda (1970),Dactyliosolen,fragilissimus,Dactyliosolen fragilissimus,diatoms,12,0.734736011
214,Ignatiades & Smayda (1970),Dactyliosolen,fragilissimus,Dactyliosolen fragilissimus,diatoms,18,0.741667483
214,Ignatiades & Smayda (1970),Dactyliosolen,fragilissimus,Dactyliosolen fragilissimus,diatoms,18,0.755530427
214,Ignatiades & Smayda (1970),Dactyliosolen,fragilissimus,Dactyliosolen fragilissimus,diatoms,25,0.755530427
214,Ignatiades & Smayda (1970),Dactyliosolen,fragilissimus,Dactyliosolen fragilissimus,diatoms,18,0.762461899
214,Ignatiades & Smayda (1970),Dactyliosolen,fragilissimus,Dactyliosolen fragilissimus,diatoms,25,0.762461899
214,Ignatiades & Smayda (1970),Dactyliosolen,fragilissimus,Dactyliosolen fragilissimus,diatoms,18,0.776324842
214,Ignatiades & Smayda (1970),Dactyliosolen,fragilissimus,Dactyliosolen fragilissimus,diatoms,25,0.776324842
214,Ignatiades & Smayda (1970),Dactyliosolen,fragilissimus,Dactyliosolen fragilissimus,diatoms,18,0.783256314
214,Ignatiades & Smayda (1970),Dactyliosolen,fragilissimus,Dactyliosolen fragilissimus,diatoms,25,0.783256314
214,Ignatiades & Smayda (1970),Dactyliosolen,fragilissimus,Dactyliosolen fragilissimus,diatoms,18,0.790187786
214,Ignatiades & Smayda (1970),Dactyliosolen,fragilissimus,Dactyliosolen fragilissimus,diatoms,25,0.790187786
214,Ignatiades & Smayda (1970),Dactyliosolen,fragilissimus,Dactyliosolen fragilissimus,diatoms,12,0.797119258
214,Ignatiades & Smayda (1970),Dactyliosolen,fragilissimus,Dactyliosolen fragilissimus,diatoms,18,0.797119258
214,Ignatiades & Smayda (1970),Dactyliosolen,fragilissimus,Dactyliosolen fragilissimus,diatoms,12,0.804050729
214,Ignatiades & Smayda (1970),Dactyliosolen,fragilissimus,Dactyliosolen fragilissimus,diatoms,18,0.804050729
214,Ignatiades & Smayda (1970),Dactyliosolen,fragilissimus,Dactyliosolen fragilissimus,diatoms,25,0.804050729
214,Ignatiades & Smayda (1970),Dactyliosolen,fragilissimus,Dactyliosolen fragilissimus,diatoms,18,0.810982201
214,Ignatiades & Smayda (1970),Dactyliosolen,fragilissimus,Dactyliosolen fragilissimus,diatoms,25,0.810982201
214,Ignatiades & Smayda (1970),Dactyliosolen,fragilissimus,Dactyliosolen fragilissimus,diatoms,12,0.817913673
214,Ignatiades & Smayda (1970),Dactyliosolen,fragilissimus,Dactyliosolen fragilissimus,diatoms,18,0.817913673
214,Ignatiades & Smayda (1970),Dactyliosolen,fragilissimus,Dactyliosolen fragilissimus,diatoms,18,0.824845145
214,Ignatiades & Smayda (1970),Dactyliosolen,fragilissimus,Dactyliosolen fragilissimus,diatoms,12,0.831776617
214,Ignatiades & Smayda (1970),Dactyliosolen,fragilissimus,Dactyliosolen fragilissimus,diatoms,25,0.831776617
214,Ignatiades & Smayda (1970),Dactyliosolen,fragilissimus,Dactyliosolen fragilissimus,diatoms,25,0.838708088
214,Ignatiades & Smayda (1970),Dactyliosolen,fragilissimus,Dactyliosolen fragilissimus,diatoms,18,0.84563956
216,Durbin (1974),Thalassiosira,nordenskioeldii,Thalassiosira nordenskioeldii,diatoms,0,0.264782223
216,Durbin (1974),Thalassiosira,nordenskioeldii,Thalassiosira nordenskioeldii,diatoms,0,0.295973846
216,Durbin (1974),Thalassiosira,nordenskioeldii,Thalassiosira nordenskioeldii,diatoms,5,0.330631205
216,Durbin (1974),Thalassiosira,nordenskioeldii,Thalassiosira nordenskioeldii,diatoms,0,0.352811915
216,Durbin (1974),Thalassiosira,nordenskioeldii,Thalassiosira nordenskioeldii,diatoms,0,0.374992625
216,Durbin (1974),Thalassiosira,nordenskioeldii,Thalassiosira nordenskioeldii,diatoms,0,0.384696685
216,Durbin (1974),Thalassiosira,nordenskioeldii,Thalassiosira nordenskioeldii,diatoms,0,0.397173334
216,Durbin (1974),Thalassiosira,nordenskioeldii,Thalassiosira nordenskioeldii,diatoms,15,0.415888308
216,Durbin (1974),Thalassiosira,nordenskioeldii,Thalassiosira nordenskioeldii,diatoms,0,0.41796775
216,Durbin (1974),Thalassiosira,nordenskioeldii,Thalassiosira nordenskioeldii,diatoms,10,0.41796775
216,Durbin (1974),Thalassiosira,nordenskioeldii,Thalassiosira nordenskioeldii,diatoms,0,0.445693637
216,Durbin (1974),Thalassiosira,nordenskioeldii,Thalassiosira nordenskioeldii,diatoms,0,0.458170286
216,Durbin (1974),Thalassiosira,nordenskioeldii,Thalassiosira nordenskioeldii,diatoms,0,0.462329169
216,Durbin (1974),Thalassiosira,nordenskioeldii,Thalassiosira nordenskioeldii,diatoms,5,0.519860385
216,Durbin (1974),Thalassiosira,nordenskioeldii,Thalassiosira nordenskioeldii,diatoms,5,0.582936779
216,Durbin (1974),Thalassiosira,nordenskioeldii,Thalassiosira nordenskioeldii,diatoms,5,0.670966471
216,Durbin (1974),Thalassiosira,nordenskioeldii,Thalassiosira nordenskioeldii,diatoms,10,0.673045912
216,Durbin (1974),Thalassiosira,nordenskioeldii,Thalassiosira nordenskioeldii,diatoms,15,0.695226622
216,Durbin (1974),Thalassiosira,nordenskioeldii,Thalassiosira nordenskioeldii,diatoms,5,0.696612916
216,Durbin (1974),Thalassiosira,nordenskioeldii,Thalassiosira nordenskioeldii,diatoms,5,0.718100479
216,Durbin (1974),Thalassiosira,nordenskioeldii,Thalassiosira nordenskioeldii,diatoms,5,0.72780454
216,Durbin (1974),Thalassiosira,nordenskioeldii,Thalassiosira nordenskioeldii,diatoms,5,0.781176872
216,Durbin (1974),Thalassiosira,nordenskioeldii,Thalassiosira nordenskioeldii,diatoms,10,0.79157408
216,Durbin (1974),Thalassiosira,nordenskioeldii,Thalassiosira nordenskioeldii,diatoms,5,0.847719002
216,Durbin (1974),Thalassiosira,nordenskioeldii,Thalassiosira nordenskioeldii,diatoms,5,0.860195651
216,Durbin (1974),Thalassiosira,nordenskioeldii,Thalassiosira nordenskioeldii,diatoms,15,0.863661387
216,Durbin (1974),Thalassiosira,nordenskioeldii,Thalassiosira nordenskioeldii,diatoms,15,0.885842097
216,Durbin (1974),Thalassiosira,nordenskioeldii,Thalassiosira nordenskioeldii,diatoms,15,0.898318746
216,Durbin (1974),Thalassiosira,nordenskioeldii,Thalassiosira nordenskioeldii,diatoms,10,0.912874837
216,Durbin (1974),Thalassiosira,nordenskioeldii,Thalassiosira nordenskioeldii,diatoms,5,0.913567984
216,Durbin (1974),Thalassiosira,nordenskioeldii,Thalassiosira nordenskioeldii,diatoms,10,0.916340573
216,Durbin (1974),Thalassiosira,nordenskioeldii,Thalassiosira nordenskioeldii,diatoms,10,0.941987018
216,Durbin (1974),Thalassiosira,nordenskioeldii,Thalassiosira nordenskioeldii,diatoms,10,0.967633464
216,Durbin (1974),Thalassiosira,nordenskioeldii,Thalassiosira nordenskioeldii,diatoms,10,0.972485494
216,Durbin (1974),Thalassiosira,nordenskioeldii,Thalassiosira nordenskioeldii,diatoms,15,1.032096152
216,Durbin (1974),Thalassiosira,nordenskioeldii,Thalassiosira nordenskioeldii,diatoms,10,1.086854779
216,Durbin (1974),Thalassiosira,nordenskioeldii,Thalassiosira nordenskioeldii,diatoms,15,1.107649195
216,Durbin (1974),Thalassiosira,nordenskioeldii,Thalassiosira nordenskioeldii,diatoms,15,1.117353255
216,Durbin (1974),Thalassiosira,nordenskioeldii,Thalassiosira nordenskioeldii,diatoms,10,1.136761376
216,Durbin (1974),Thalassiosira,nordenskioeldii,Thalassiosira nordenskioeldii,diatoms,15,1.174884471
216,Durbin (1974),Thalassiosira,nordenskioeldii,Thalassiosira nordenskioeldii,diatoms,10,1.238654012
216,Durbin (1974),Thalassiosira,nordenskioeldii,Thalassiosira nordenskioeldii,diatoms,10,1.244892336
217,Krawiec (1982),Thalassiosira,rotula,Thalassiosira rotula,diatoms,0,0.051986039
217,Krawiec (1982),Thalassiosira,rotula,Thalassiosira rotula,diatoms,0,0.060996952
217,Krawiec (1982),Thalassiosira,rotula,Thalassiosira rotula,diatoms,0,0.062383246
217,Krawiec (1982),Thalassiosira,rotula,Thalassiosira rotula,diatoms,5,0.087336545
217,Krawiec (1982),Thalassiosira,rotula,Thalassiosira rotula,diatoms,5,0.2335906
217,Krawiec (1982),Thalassiosira,rotula,Thalassiosira rotula,diatoms,10,0.303598465
217,Krawiec (1982),Thalassiosira,rotula,Thalassiosira rotula,diatoms,5,0.333403794
217,Krawiec (1982),Thalassiosira,rotula,Thalassiosira rotula,diatoms,5,0.3687543
217,Krawiec (1982),Thalassiosira,rotula,Thalassiosira rotula,diatoms,5,0.394400746
217,Krawiec (1982),Thalassiosira,rotula,Thalassiosira rotula,diatoms,5,0.424899222
217,Krawiec (1982),Thalassiosira,rotula,Thalassiosira rotula,diatoms,25,0.435296429
217,Krawiec (1982),Thalassiosira,rotula,Thalassiosira rotula,diatoms,10,0.571153277
217,Krawiec (1982),Thalassiosira,rotula,Thalassiosira rotula,diatoms,10,0.627298198
217,Krawiec (1982),Thalassiosira,rotula,Thalassiosira rotula,diatoms,15,0.632843376
217,Krawiec (1982),Thalassiosira,rotula,Thalassiosira rotula,diatoms,10,0.641161142
217,Krawiec (1982),Thalassiosira,rotula,Thalassiosira rotula,diatoms,10,0.649478908
217,Krawiec (1982),Thalassiosira,rotula,Thalassiosira rotula,diatoms,20,0.667500735
217,Krawiec (1982),Thalassiosira,rotula,Thalassiosira rotula,diatoms,10,0.719486773
217,Krawiec (1982),Thalassiosira,rotula,Thalassiosira rotula,diatoms,10,0.736815453
217,Krawiec (1982),Thalassiosira,rotula,Thalassiosira rotula,diatoms,15,0.862275093
217,Krawiec (1982),Thalassiosira,rotula,Thalassiosira rotula,diatoms,15,0.89970504
217,Krawiec (1982),Thalassiosira,rotula,Thalassiosira rotula,diatoms,20,0.910102248
217,Krawiec (1982),Thalassiosira,rotula,Thalassiosira rotula,diatoms,15,0.957236256
217,Krawiec (1982),Thalassiosira,rotula,Thalassiosira rotula,diatoms,15,0.979416966
217,Krawiec (1982),Thalassiosira,rotula,Thalassiosira rotula,diatoms,15,0.982882702
217,Krawiec (1982),Thalassiosira,rotula,Thalassiosira rotula,diatoms,25,1.009222295
217,Krawiec (1982),Thalassiosira,rotula,Thalassiosira rotula,diatoms,15,1.035561888
217,Krawiec (1982),Thalassiosira,rotula,Thalassiosira rotula,diatoms,20,1.097251987
217,Krawiec (1982),Thalassiosira,rotula,Thalassiosira rotula,diatoms,20,1.105569753
217,Krawiec (1982),Thalassiosira,rotula,Thalassiosira rotula,diatoms,25,1.139533965
217,Krawiec (1982),Thalassiosira,rotula,Thalassiosira rotula,diatoms,20,1.143692848
217,Krawiec (1982),Thalassiosira,rotula,Thalassiosira rotula,diatoms,20,1.152703761
217,Krawiec (1982),Thalassiosira,rotula,Thalassiosira rotula,diatoms,25,1.222018479
217,Krawiec (1982),Thalassiosira,rotula,Thalassiosira rotula,diatoms,20,1.226177362
217,Krawiec (1982),Thalassiosira,rotula,Thalassiosira rotula,diatoms,25,1.292719492
218,Fawley (1984),Phaeodactylum,tricornutum,Phaeodactylum tricornutum,diatoms,5,0.135
218,Fawley (1984),Phaeodactylum,tricornutum,Phaeodactylum tricornutum,diatoms,25,0.167048471
218,Fawley (1984),Phaeodactylum,tricornutum,Phaeodactylum tricornutum,diatoms,14,0.170514206
218,Fawley (1984),Phaeodactylum,tricornutum,Phaeodactylum tricornutum,diatoms,23,0.182990856
218,Fawley (1984),Phaeodactylum,tricornutum,Phaeodactylum tricornutum,diatoms,21,0.187149739
218,Fawley (1984),Phaeodactylum,tricornutum,Phaeodactylum tricornutum,diatoms,19,0.21140989
218,Fawley (1984),Phaeodactylum,tricornutum,Phaeodactylum tricornutum,diatoms,16,0.228045422
218,Fawley (1984),Phaeodactylum,tricornutum,Phaeodactylum tricornutum,diatoms,10,0.41
218,Fawley (1984),Phaeodactylum,tricornutum,Phaeodactylum tricornutum,diatoms,25,0.55
218,Fawley (1984),Phaeodactylum,tricornutum,Phaeodactylum tricornutum,diatoms,15,0.581
218,Fawley (1984),Phaeodactylum,tricornutum,Phaeodactylum tricornutum,diatoms,14,0.655024086
218,Fawley (1984),Phaeodactylum,tricornutum,Phaeodactylum tricornutum,diatoms,14,0.68344312
218,Fawley (1984),Phaeodactylum,tricornutum,Phaeodactylum tricornutum,diatoms,16,0.756223574
218,Fawley (1984),Phaeodactylum,tricornutum,Phaeodactylum tricornutum,diatoms,25,0.756223574
218,Fawley (1984),Phaeodactylum,tricornutum,Phaeodactylum tricornutum,diatoms,20,0.78
218,Fawley (1984),Phaeodactylum,tricornutum,Phaeodactylum tricornutum,diatoms,19,0.809595907
218,Fawley (1984),Phaeodactylum,tricornutum,Phaeodactylum tricornutum,diatoms,23,0.825538292
218,Fawley (1984),Phaeodactylum,tricornutum,Phaeodactylum tricornutum,diatoms,14,0.838014941
218,Fawley (1984),Phaeodactylum,tricornutum,Phaeodactylum tricornutum,diatoms,25,0.853957326
218,Fawley (1984),Phaeodactylum,tricornutum,Phaeodactylum tricornutum,diatoms,21,0.866433976
218,Fawley (1984),Phaeodactylum,tricornutum,Phaeodactylum tricornutum,diatoms,5,0.883
218,Fawley (1984),Phaeodactylum,tricornutum,Phaeodactylum tricornutum,diatoms,16,0.910795395
218,Fawley (1984),Phaeodactylum,tricornutum,Phaeodactylum tricornutum,diatoms,16,0.968326611
218,Fawley (1984),Phaeodactylum,tricornutum,Phaeodactylum tricornutum,diatoms,21,0.968326611
218,Fawley (1984),Phaeodactylum,tricornutum,Phaeodactylum tricornutum,diatoms,19,0.984268996
218,Fawley (1984),Phaeodactylum,tricornutum,Phaeodactylum tricornutum,diatoms,14,0.996745646
218,Fawley (1984),Phaeodactylum,tricornutum,Phaeodactylum tricornutum,diatoms,23,1.02516468
218,Fawley (1984),Phaeodactylum,tricornutum,Phaeodactylum tricornutum,diatoms,10,1.07
218,Fawley (1984),Phaeodactylum,tricornutum,Phaeodactylum tricornutum,diatoms,19,1.15547635
218,Fawley (1984),Phaeodactylum,tricornutum,Phaeodactylum tricornutum,diatoms,16,1.211621272
218,Fawley (1984),Phaeodactylum,tricornutum,Phaeodactylum tricornutum,diatoms,25,1.23657457
218,Fawley (1984),Phaeodactylum,tricornutum,Phaeodactylum tricornutum,diatoms,21,1.321831673
218,Fawley (1984),Phaeodactylum,tricornutum,Phaeodactylum tricornutum,diatoms,25,1.325990556
218,Fawley (1984),Phaeodactylum,tricornutum,Phaeodactylum tricornutum,diatoms,19,1.338467206
218,Fawley (1984),Phaeodactylum,tricornutum,Phaeodactylum tricornutum,diatoms,23,1.435507811
218,Fawley (1984),Phaeodactylum,tricornutum,Phaeodactylum tricornutum,diatoms,21,1.468085728
218,Fawley (1984),Phaeodactylum,tricornutum,Phaeodactylum tricornutum,diatoms,15,1.507
218,Fawley (1984),Phaeodactylum,tricornutum,Phaeodactylum tricornutum,diatoms,23,1.508981412
218,Fawley (1984),Phaeodactylum,tricornutum,Phaeodactylum tricornutum,diatoms,20,1.7
219,Watras et al. (1982),Alexandrium,tamarense,Alexandrium tamarense,dinoflagellates,5.5,0.073
219,Watras et al. (1982),Alexandrium,tamarense,Alexandrium tamarense,dinoflagellates,8.5,0.095
219,Watras et al. (1982),Alexandrium,tamarense,Alexandrium tamarense,dinoflagellates,24.5,0.135
219,Watras et al. (1982),Alexandrium,tamarense,Alexandrium tamarense,dinoflagellates,10.5,0.189
219,Watras et al. (1982),Alexandrium,tamarense,Alexandrium tamarense,dinoflagellates,8.5,0.197
219,Watras et al. (1982),Alexandrium,tamarense,Alexandrium tamarense,dinoflagellates,10.5,0.254
219,Watras et al. (1982),Alexandrium,tamarense,Alexandrium tamarense,dinoflagellates,13,0.271
219,Watras et al. (1982),Alexandrium,tamarense,Alexandrium tamarense,dinoflagellates,16,0.277
219,Watras et al. (1982),Alexandrium,tamarense,Alexandrium tamarense,dinoflagellates,22.5,0.278
219,Watras et al. (1982),Alexandrium,tamarense,Alexandrium tamarense,dinoflagellates,18,0.317
219,Watras et al. (1982),Alexandrium,tamarense,Alexandrium tamarense,dinoflagellates,20,0.319
219,Watras et al. (1982),Alexandrium,tamarense,Alexandrium tamarense,dinoflagellates,13,0.357
219,Watras et al. (1982),Alexandrium,tamarense,Alexandrium tamarense,dinoflagellates,16,0.359
219,Watras et al. (1982),Alexandrium,tamarense,Alexandrium tamarense,dinoflagellates,18,0.383
219,Watras et al. (1982),Alexandrium,tamarense,Alexandrium tamarense,dinoflagellates,20,0.417
219,Watras et al. (1982),Alexandrium,tamarense,Alexandrium tamarense,dinoflagellates,22.5,0.438
220,Hulburt (1982),Asterionellopsis,glacialis,Asterionellopsis glacialis,diatoms,14.2,0.325779175
220,Hulburt (1982),Asterionellopsis,glacialis,Asterionellopsis glacialis,diatoms,1,0.374299478
220,Hulburt (1982),Asterionellopsis,glacialis,Asterionellopsis glacialis,diatoms,4.5,0.547586273
220,Hulburt (1982),Asterionellopsis,glacialis,Asterionellopsis glacialis,diatoms,20.3,0.762461899
220,Hulburt (1982),Asterionellopsis,glacialis,Asterionellopsis glacialis,diatoms,25.7,0.852571032
220,Hulburt (1982),Asterionellopsis,glacialis,Asterionellopsis glacialis,diatoms,7,0.887228391
220,Hulburt (1982),Asterionellopsis,glacialis,Asterionellopsis glacialis,diatoms,11.5,0.887228391
220,Hulburt (1982),Asterionellopsis,glacialis,Asterionellopsis glacialis,diatoms,22,0.956543109
220,Hulburt (1982),Asterionellopsis,glacialis,Asterionellopsis glacialis,diatoms,9,1.046652243
220,Hulburt (1982),Asterionellopsis,glacialis,Asterionellopsis glacialis,diatoms,17,1.275390812
221,Hulburt (1982),Rhizosolenia,setigera,Rhizosolenia setigera,diatoms,17,0.207944154
221,Hulburt (1982),Rhizosolenia,setigera,Rhizosolenia setigera,diatoms,4.5,0.291121816
221,Hulburt (1982),Rhizosolenia,setigera,Rhizosolenia setigera,diatoms,11.5,0.443614196
221,Hulburt (1982),Rhizosolenia,setigera,Rhizosolenia setigera,diatoms,7,0.478271555
221,Hulburt (1982),Rhizosolenia,setigera,Rhizosolenia setigera,diatoms,14.2,0.533723329
221,Hulburt (1982),Rhizosolenia,setigera,Rhizosolenia setigera,diatoms,9,0.554517744
223,Hulburt (1982),Thalassionema,nitzschioides,Thalassionema nitzschioides,diatoms,25.7,0.360436534
223,Hulburt (1982),Thalassionema,nitzschioides,Thalassionema nitzschioides,diatoms,4.5,0.464408611
223,Hulburt (1982),Thalassionema,nitzschioides,Thalassionema nitzschioides,diatoms,1,0.512928914
223,Hulburt (1982),Thalassionema,nitzschioides,Thalassionema nitzschioides,diatoms,7,0.554517744
223,Hulburt (1982),Thalassionema,nitzschioides,Thalassionema nitzschioides,diatoms,9,0.76939337
223,Hulburt (1982),Thalassionema,nitzschioides,Thalassionema nitzschioides,diatoms,11.5,0.790187786
223,Hulburt (1982),Thalassionema,nitzschioides,Thalassionema nitzschioides,diatoms,14.2,0.790187786
223,Hulburt (1982),Thalassionema,nitzschioides,Thalassionema nitzschioides,diatoms,22,0.956543109
223,Hulburt (1982),Thalassionema,nitzschioides,Thalassionema nitzschioides,diatoms,17,1.095172545
223,Hulburt (1982),Thalassionema,nitzschioides,Thalassionema nitzschioides,diatoms,20.3,1.275390812
225,Bravo & Anderson (1994),Gymnodinium,catenatum,Gymnodinium catenatum,dinoflagellates,13,0.078325631
225,Bravo & Anderson (1994),Gymnodinium,catenatum,Gymnodinium catenatum,dinoflagellates,15,0.153185527
225,Bravo & Anderson (1994),Gymnodinium,catenatum,Gymnodinium catenatum,dinoflagellates,17,0.268941106
225,Bravo & Anderson (1994),Gymnodinium,catenatum,Gymnodinium catenatum,dinoflagellates,20,0.275179431
225,Bravo & Anderson (1994),Gymnodinium,catenatum,Gymnodinium catenatum,dinoflagellates,21.5,0.285576638
225,Bravo & Anderson (1994),Gymnodinium,catenatum,Gymnodinium catenatum,dinoflagellates,18,0.300825876
225,Bravo & Anderson (1994),Gymnodinium,catenatum,Gymnodinium catenatum,dinoflagellates,25.5,0.326472322
225,Bravo & Anderson (1994),Gymnodinium,catenatum,Gymnodinium catenatum,dinoflagellates,26.5,0.356970798
225,Bravo & Anderson (1994),Gymnodinium,catenatum,Gymnodinium catenatum,dinoflagellates,27.5,0.357663945
225,Bravo & Anderson (1994),Gymnodinium,catenatum,Gymnodinium catenatum,dinoflagellates,24,0.366674859
225,Bravo & Anderson (1994),Gymnodinium,catenatum,Gymnodinium catenatum,dinoflagellates,22.5,0.372220036
231,Moore et al. (1995),Prochlorococcus,marinus,Prochlorococcus marinus,cyanobacteria,11,0.088
231,Moore et al. (1995),Prochlorococcus,marinus,Prochlorococcus marinus,cyanobacteria,12.5,0.121
231,Moore et al. (1995),Prochlorococcus,marinus,Prochlorococcus marinus,cyanobacteria,13,0.205
231,Moore et al. (1995),Prochlorococcus,marinus,Prochlorococcus marinus,cyanobacteria,14.5,0.206
231,Moore et al. (1995),Prochlorococcus,marinus,Prochlorococcus marinus,cyanobacteria,16,0.23
231,Moore et al. (1995),Prochlorococcus,marinus,Prochlorococcus marinus,cyanobacteria,14,0.236
231,Moore et al. (1995),Prochlorococcus,marinus,Prochlorococcus marinus,cyanobacteria,15,0.236
231,Moore et al. (1995),Prochlorococcus,marinus,Prochlorococcus marinus,cyanobacteria,17.5,0.278
231,Moore et al. (1995),Prochlorococcus,marinus,Prochlorococcus marinus,cyanobacteria,17,0.3
231,Moore et al. (1995),Prochlorococcus,marinus,Prochlorococcus marinus,cyanobacteria,18,0.3
231,Moore et al. (1995),Prochlorococcus,marinus,Prochlorococcus marinus,cyanobacteria,19,0.323
231,Moore et al. (1995),Prochlorococcus,marinus,Prochlorococcus marinus,cyanobacteria,27,0.337
231,Moore et al. (1995),Prochlorococcus,marinus,Prochlorococcus marinus,cyanobacteria,22,0.365
231,Moore et al. (1995),Prochlorococcus,marinus,Prochlorococcus marinus,cyanobacteria,26,0.377
231,Moore et al. (1995),Prochlorococcus,marinus,Prochlorococcus marinus,cyanobacteria,20,0.387
231,Moore et al. (1995),Prochlorococcus,marinus,Prochlorococcus marinus,cyanobacteria,24,0.394
231,Moore et al. (1995),Prochlorococcus,marinus,Prochlorococcus marinus,cyanobacteria,25,0.396
231,Moore et al. (1995),Prochlorococcus,marinus,Prochlorococcus marinus,cyanobacteria,23,0.401
231,Moore et al. (1995),Prochlorococcus,marinus,Prochlorococcus marinus,cyanobacteria,19,0.427
231,Moore et al. (1995),Prochlorococcus,marinus,Prochlorococcus marinus,cyanobacteria,26,0.436
231,Moore et al. (1995),Prochlorococcus,marinus,Prochlorococcus marinus,cyanobacteria,22,0.535
231,Moore et al. (1995),Prochlorococcus,marinus,Prochlorococcus marinus,cyanobacteria,23.5,0.577
231,Moore et al. (1995),Prochlorococcus,marinus,Prochlorococcus marinus,cyanobacteria,24,0.63
232,Grzebyk & Berland (1996),Prorocentrum,minimum,Prorocentrum minimum,dinoflagellates,31,0.088722839
232,Grzebyk & Berland (1996),Prorocentrum,minimum,Prorocentrum minimum,dinoflagellates,31,0.117835021
232,Grzebyk & Berland (1996),Prorocentrum,minimum,Prorocentrum minimum,dinoflagellates,13,0.13031167
232,Grzebyk & Berland (1996),Prorocentrum,minimum,Prorocentrum minimum,dinoflagellates,31,0.144867761
232,Grzebyk & Berland (1996),Prorocentrum,minimum,Prorocentrum minimum,dinoflagellates,13,0.201012682
232,Grzebyk & Berland (1996),Prorocentrum,minimum,Prorocentrum minimum,dinoflagellates,13,0.208637301
232,Grzebyk & Berland (1996),Prorocentrum,minimum,Prorocentrum minimum,dinoflagellates,13,0.237749483
232,Grzebyk & Berland (1996),Prorocentrum,minimum,Prorocentrum minimum,dinoflagellates,31,0.254385015
232,Grzebyk & Berland (1996),Prorocentrum,minimum,Prorocentrum minimum,dinoflagellates,31,0.26062334
232,Grzebyk & Berland (1996),Prorocentrum,minimum,Prorocentrum minimum,dinoflagellates,31,0.275179431
232,Grzebyk & Berland (1996),Prorocentrum,minimum,Prorocentrum minimum,dinoflagellates,13,0.281417755
232,Grzebyk & Berland (1996),Prorocentrum,minimum,Prorocentrum minimum,dinoflagellates,29,0.289735521
232,Grzebyk & Berland (1996),Prorocentrum,minimum,Prorocentrum minimum,dinoflagellates,31,0.289735521
232,Grzebyk & Berland (1996),Prorocentrum,minimum,Prorocentrum minimum,dinoflagellates,15,0.302212171
232,Grzebyk & Berland (1996),Prorocentrum,minimum,Prorocentrum minimum,dinoflagellates,13,0.333403794
232,Grzebyk & Berland (1996),Prorocentrum,minimum,Prorocentrum minimum,dinoflagellates,15,0.382617244
232,Grzebyk & Berland (1996),Prorocentrum,minimum,Prorocentrum minimum,dinoflagellates,15,0.397173334
232,Grzebyk & Berland (1996),Prorocentrum,minimum,Prorocentrum minimum,dinoflagellates,15,0.411729425
232,Grzebyk & Berland (1996),Prorocentrum,minimum,Prorocentrum minimum,dinoflagellates,13,0.432523841
232,Grzebyk & Berland (1996),Prorocentrum,minimum,Prorocentrum minimum,dinoflagellates,15,0.434603282
232,Grzebyk & Berland (1996),Prorocentrum,minimum,Prorocentrum minimum,dinoflagellates,29,0.434603282
232,Grzebyk & Berland (1996),Prorocentrum,minimum,Prorocentrum minimum,dinoflagellates,29,0.457477139
232,Grzebyk & Berland (1996),Prorocentrum,minimum,Prorocentrum minimum,dinoflagellates,18,0.461636022
232,Grzebyk & Berland (1996),Prorocentrum,minimum,Prorocentrum minimum,dinoflagellates,26.5,0.461636022
232,Grzebyk & Berland (1996),Prorocentrum,minimum,Prorocentrum minimum,dinoflagellates,13,0.476192113
232,Grzebyk & Berland (1996),Prorocentrum,minimum,Prorocentrum minimum,dinoflagellates,29,0.480350996
232,Grzebyk & Berland (1996),Prorocentrum,minimum,Prorocentrum minimum,dinoflagellates,18,0.484509879
232,Grzebyk & Berland (1996),Prorocentrum,minimum,Prorocentrum minimum,dinoflagellates,22,0.484509879
232,Grzebyk & Berland (1996),Prorocentrum,minimum,Prorocentrum minimum,dinoflagellates,24.5,0.490055057
232,Grzebyk & Berland (1996),Prorocentrum,minimum,Prorocentrum minimum,dinoflagellates,29,0.500452264
232,Grzebyk & Berland (1996),Prorocentrum,minimum,Prorocentrum minimum,dinoflagellates,15,0.504611147
232,Grzebyk & Berland (1996),Prorocentrum,minimum,Prorocentrum minimum,dinoflagellates,20,0.525405563
232,Grzebyk & Berland (1996),Prorocentrum,minimum,Prorocentrum minimum,dinoflagellates,15,0.527485004
232,Grzebyk & Berland (1996),Prorocentrum,minimum,Prorocentrum minimum,dinoflagellates,26.5,0.539961654
232,Grzebyk & Berland (1996),Prorocentrum,minimum,Prorocentrum minimum,dinoflagellates,18,0.54827942
232,Grzebyk & Berland (1996),Prorocentrum,minimum,Prorocentrum minimum,dinoflagellates,20,0.556597186
232,Grzebyk & Berland (1996),Prorocentrum,minimum,Prorocentrum minimum,dinoflagellates,29,0.564914952
232,Grzebyk & Berland (1996),Prorocentrum,minimum,Prorocentrum minimum,dinoflagellates,20,0.577391601
232,Grzebyk & Berland (1996),Prorocentrum,minimum,Prorocentrum minimum,dinoflagellates,15,0.585709368
232,Grzebyk & Berland (1996),Prorocentrum,minimum,Prorocentrum minimum,dinoflagellates,24.5,0.585709368
232,Grzebyk & Berland (1996),Prorocentrum,minimum,Prorocentrum minimum,dinoflagellates,20,0.591947692
232,Grzebyk & Berland (1996),Prorocentrum,minimum,Prorocentrum minimum,dinoflagellates,26.5,0.591947692
232,Grzebyk & Berland (1996),Prorocentrum,minimum,Prorocentrum minimum,dinoflagellates,18,0.598186017
232,Grzebyk & Berland (1996),Prorocentrum,minimum,Prorocentrum minimum,dinoflagellates,22,0.598186017
232,Grzebyk & Berland (1996),Prorocentrum,minimum,Prorocentrum minimum,dinoflagellates,20,0.606503783
232,Grzebyk & Berland (1996),Prorocentrum,minimum,Prorocentrum minimum,dinoflagellates,22,0.621059874
232,Grzebyk & Berland (1996),Prorocentrum,minimum,Prorocentrum minimum,dinoflagellates,29,0.62452561
232,Grzebyk & Berland (1996),Prorocentrum,minimum,Prorocentrum minimum,dinoflagellates,15,0.628684493
232,Grzebyk & Berland (1996),Prorocentrum,minimum,Prorocentrum minimum,dinoflagellates,26.5,0.630763934
232,Grzebyk & Berland (1996),Prorocentrum,minimum,Prorocentrum minimum,dinoflagellates,18,0.634922817
232,Grzebyk & Berland (1996),Prorocentrum,minimum,Prorocentrum minimum,dinoflagellates,20,0.641161142
232,Grzebyk & Berland (1996),Prorocentrum,minimum,Prorocentrum minimum,dinoflagellates,24.5,0.641161142
232,Grzebyk & Berland (1996),Prorocentrum,minimum,Prorocentrum minimum,dinoflagellates,26.5,0.659876116
232,Grzebyk & Berland (1996),Prorocentrum,minimum,Prorocentrum minimum,dinoflagellates,29,0.659876116
232,Grzebyk & Berland (1996),Prorocentrum,minimum,Prorocentrum minimum,dinoflagellates,18,0.664034999
232,Grzebyk & Berland (1996),Prorocentrum,minimum,Prorocentrum minimum,dinoflagellates,26.5,0.680670531
232,Grzebyk & Berland (1996),Prorocentrum,minimum,Prorocentrum minimum,dinoflagellates,18,0.684829414
232,Grzebyk & Berland (1996),Prorocentrum,minimum,Prorocentrum minimum,dinoflagellates,22,0.684829414
232,Grzebyk & Berland (1996),Prorocentrum,minimum,Prorocentrum minimum,dinoflagellates,24.5,0.684829414
232,Grzebyk & Berland (1996),Prorocentrum,minimum,Prorocentrum minimum,dinoflagellates,20,0.699385505
232,Grzebyk & Berland (1996),Prorocentrum,minimum,Prorocentrum minimum,dinoflagellates,22,0.699385505
232,Grzebyk & Berland (1996),Prorocentrum,minimum,Prorocentrum minimum,dinoflagellates,26.5,0.709782713
232,Grzebyk & Berland (1996),Prorocentrum,minimum,Prorocentrum minimum,dinoflagellates,24.5,0.713941596
232,Grzebyk & Berland (1996),Prorocentrum,minimum,Prorocentrum minimum,dinoflagellates,22,0.716021038
232,Grzebyk & Berland (1996),Prorocentrum,minimum,Prorocentrum minimum,dinoflagellates,26.5,0.718100479
232,Grzebyk & Berland (1996),Prorocentrum,minimum,Prorocentrum minimum,dinoflagellates,24.5,0.722259362
232,Grzebyk & Berland (1996),Prorocentrum,minimum,Prorocentrum minimum,dinoflagellates,22,0.728497687
232,Grzebyk & Berland (1996),Prorocentrum,minimum,Prorocentrum minimum,dinoflagellates,18,0.730577128
232,Grzebyk & Berland (1996),Prorocentrum,minimum,Prorocentrum minimum,dinoflagellates,26.5,0.738894894
232,Grzebyk & Berland (1996),Prorocentrum,minimum,Prorocentrum minimum,dinoflagellates,24.5,0.743053778
232,Grzebyk & Berland (1996),Prorocentrum,minimum,Prorocentrum minimum,dinoflagellates,24.5,0.75968931
232,Grzebyk & Berland (1996),Prorocentrum,minimum,Prorocentrum minimum,dinoflagellates,26.5,0.782563167
233,Etheridge & Roesler (2005),Alexandrium,fundyense,Alexandrium fundyense,dinoflagellates,5,0.098
233,Etheridge & Roesler (2005),Alexandrium,fundyense,Alexandrium fundyense,dinoflagellates,10,0.15
233,Etheridge & Roesler (2005),Alexandrium,fundyense,Alexandrium fundyense,dinoflagellates,20,0.291
233,Etheridge & Roesler (2005),Alexandrium,fundyense,Alexandrium fundyense,dinoflagellates,15,0.462
234,Suzuki & Takahashi (1995),Detonula,confervacea,Detonula confervacea,diatoms,-1.8,0.336
234,Suzuki & Takahashi (1995),Detonula,confervacea,Detonula confervacea,diatoms,0,0.595
234,Suzuki & Takahashi (1995),Detonula,confervacea,Detonula confervacea,diatoms,2,0.623
234,Suzuki & Takahashi (1995),Detonula,confervacea,Detonula confervacea,diatoms,5,0.781
234,Suzuki & Takahashi (1995),Detonula,confervacea,Detonula confervacea,diatoms,10,0.89
235,Suzuki & Takahashi (1995),Thalassiosira,nordenskioeldii,Thalassiosira nordenskioeldii,diatoms,-1,0.358
235,Suzuki & Takahashi (1995),Thalassiosira,nordenskioeldii,Thalassiosira nordenskioeldii,diatoms,0,0.548
235,Suzuki & Takahashi (1995),Thalassiosira,nordenskioeldii,Thalassiosira nordenskioeldii,diatoms,2,0.608
235,Suzuki & Takahashi (1995),Thalassiosira,nordenskioeldii,Thalassiosira nordenskioeldii,diatoms,5,0.699
235,Suzuki & Takahashi (1995),Thalassiosira,nordenskioeldii,Thalassiosira nordenskioeldii,diatoms,10,0.904
235,Suzuki & Takahashi (1995),Thalassiosira,nordenskioeldii,Thalassiosira nordenskioeldii,diatoms,15,0.947
239,Etheridge & Roesler (2005),Alexandrium,fundyense,Alexandrium fundyense,dinoflagellates,5,0.083
239,Etheridge & Roesler (2005),Alexandrium,fundyense,Alexandrium fundyense,dinoflagellates,10,0.124
239,Etheridge & Roesler (2005),Alexandrium,fundyense,Alexandrium fundyense,dinoflagellates,20,0.15
239,Etheridge & Roesler (2005),Alexandrium,fundyense,Alexandrium fundyense,dinoflagellates,15,0.28
240,El-Sabaawi & Harrison (2006),Pseudo-nitzschia,granii,Pseudo-nitzschia granii,diatoms,20,0.219
240,El-Sabaawi & Harrison (2006),Pseudo-nitzschia,granii,Pseudo-nitzschia granii,diatoms,8,0.358
240,El-Sabaawi & Harrison (2006),Pseudo-nitzschia,granii,Pseudo-nitzschia granii,diatoms,17,0.412
240,El-Sabaawi & Harrison (2006),Pseudo-nitzschia,granii,Pseudo-nitzschia granii,diatoms,8,0.5
240,El-Sabaawi & Harrison (2006),Pseudo-nitzschia,granii,Pseudo-nitzschia granii,diatoms,20,0.507
240,El-Sabaawi & Harrison (2006),Pseudo-nitzschia,granii,Pseudo-nitzschia granii,diatoms,10,0.551
240,El-Sabaawi & Harrison (2006),Pseudo-nitzschia,granii,Pseudo-nitzschia granii,diatoms,8,0.577
240,El-Sabaawi & Harrison (2006),Pseudo-nitzschia,granii,Pseudo-nitzschia granii,diatoms,20,0.577
240,El-Sabaawi & Harrison (2006),Pseudo-nitzschia,granii,Pseudo-nitzschia granii,diatoms,14,0.591
240,El-Sabaawi & Harrison (2006),Pseudo-nitzschia,granii,Pseudo-nitzschia granii,diatoms,8,0.642
240,El-Sabaawi & Harrison (2006),Pseudo-nitzschia,granii,Pseudo-nitzschia granii,diatoms,10,0.72
240,El-Sabaawi & Harrison (2006),Pseudo-nitzschia,granii,Pseudo-nitzschia granii,diatoms,17,0.73
240,El-Sabaawi & Harrison (2006),Pseudo-nitzschia,granii,Pseudo-nitzschia granii,diatoms,10,0.741
240,El-Sabaawi & Harrison (2006),Pseudo-nitzschia,granii,Pseudo-nitzschia granii,diatoms,14,0.755
240,El-Sabaawi & Harrison (2006),Pseudo-nitzschia,granii,Pseudo-nitzschia granii,diatoms,17,0.792
240,El-Sabaawi & Harrison (2006),Pseudo-nitzschia,granii,Pseudo-nitzschia granii,diatoms,14,0.843
240,El-Sabaawi & Harrison (2006),Pseudo-nitzschia,granii,Pseudo-nitzschia granii,diatoms,10,0.883
240,El-Sabaawi & Harrison (2006),Pseudo-nitzschia,granii,Pseudo-nitzschia granii,diatoms,17,0.894
240,El-Sabaawi & Harrison (2006),Pseudo-nitzschia,granii,Pseudo-nitzschia granii,diatoms,14,0.949
242,Lewis (1993),Pseudo-nitzschia,multiseries,Pseudo-nitzschia multiseries,diatoms,5,0.173286795
242,Lewis (1993),Pseudo-nitzschia,multiseries,Pseudo-nitzschia multiseries,diatoms,10,0.221807098
242,Lewis (1993),Pseudo-nitzschia,multiseries,Pseudo-nitzschia multiseries,diatoms,15,0.301519024
242,Lewis (1993),Pseudo-nitzschia,multiseries,Pseudo-nitzschia multiseries,diatoms,25,0.415888308
242,Lewis (1993),Pseudo-nitzschia,multiseries,Pseudo-nitzschia multiseries,diatoms,20,0.450545667
256,Hulburt (1982),Skeletonema,costatum,Skeletonema costatum,diatoms,4,0.201012682
256,Hulburt (1982),Skeletonema,costatum,Skeletonema costatum,diatoms,2.8,0.339642118
256,Hulburt (1982),Skeletonema,costatum,Skeletonema costatum,diatoms,7,0.360436534
256,Hulburt (1982),Skeletonema,costatum,Skeletonema costatum,diatoms,22.2,0.429751252
256,Hulburt (1982),Skeletonema,costatum,Skeletonema costatum,diatoms,4,0.457477139
256,Hulburt (1982),Skeletonema,costatum,Skeletonema costatum,diatoms,19,0.457477139
256,Hulburt (1982),Skeletonema,costatum,Skeletonema costatum,diatoms,10,0.464408611
256,Hulburt (1982),Skeletonema,costatum,Skeletonema costatum,diatoms,10,0.554517744
256,Hulburt (1982),Skeletonema,costatum,Skeletonema costatum,diatoms,7,0.57531216
256,Hulburt (1982),Skeletonema,costatum,Skeletonema costatum,diatoms,13,0.672352765
256,Hulburt (1982),Skeletonema,costatum,Skeletonema costatum,diatoms,16,0.873365448
256,Hulburt (1982),Skeletonema,costatum,Skeletonema costatum,diatoms,24.5,1.025857827
256,Hulburt (1982),Skeletonema,costatum,Skeletonema costatum,diatoms,16,1.247664925
256,Hulburt (1982),Skeletonema,costatum,Skeletonema costatum,diatoms,19,1.247664925
256,Hulburt (1982),Skeletonema,costatum,Skeletonema costatum,diatoms,13,1.275390812
257,Hulburt (1982),Skeletonema,costatum,Skeletonema costatum,diatoms,2.8,0.311916231
257,Hulburt (1982),Skeletonema,costatum,Skeletonema costatum,diatoms,4,0.485203026
257,Hulburt (1982),Skeletonema,costatum,Skeletonema costatum,diatoms,7,0.554517744
257,Hulburt (1982),Skeletonema,costatum,Skeletonema costatum,diatoms,10,0.741667483
257,Hulburt (1982),Skeletonema,costatum,Skeletonema costatum,diatoms,13,0.887228391
257,Hulburt (1982),Skeletonema,costatum,Skeletonema costatum,diatoms,16,0.92188575
257,Hulburt (1982),Skeletonema,costatum,Skeletonema costatum,diatoms,22.2,1.15062432
257,Hulburt (1982),Skeletonema,costatum,Skeletonema costatum,diatoms,19,1.275390812
257,Hulburt (1982),Skeletonema,costatum,Skeletonema costatum,diatoms,24.5,1.462540551
257,Hulburt (1982),Skeletonema,costatum,Skeletonema costatum,diatoms,27.5,1.642758818
259,Thompson (1992),Phaeodactylum,tricornutum,Phaeodactylum tricornutum,diatoms,24,0.103972077
259,Thompson (1992),Phaeodactylum,tricornutum,Phaeodactylum tricornutum,diatoms,12,0.117835021
259,Thompson (1992),Phaeodactylum,tricornutum,Phaeodactylum tricornutum,diatoms,18,0.131697964
259,Thompson (1992),Phaeodactylum,tricornutum,Phaeodactylum tricornutum,diatoms,12,0.284190344
259,Thompson (1992),Phaeodactylum,tricornutum,Phaeodactylum tricornutum,diatoms,24,0.318847703
259,Thompson (1992),Phaeodactylum,tricornutum,Phaeodactylum tricornutum,diatoms,12,0.332710647
259,Thompson (1992),Phaeodactylum,tricornutum,Phaeodactylum tricornutum,diatoms,18,0.339642118
259,Thompson (1992),Phaeodactylum,tricornutum,Phaeodactylum tricornutum,diatoms,24,0.34657359
259,Thompson (1992),Phaeodactylum,tricornutum,Phaeodactylum tricornutum,diatoms,18,0.388162421
259,Thompson (1992),Phaeodactylum,tricornutum,Phaeodactylum tricornutum,diatoms,12,0.429751252
259,Thompson (1992),Phaeodactylum,tricornutum,Phaeodactylum tricornutum,diatoms,18,0.49906597
259,Thompson (1992),Phaeodactylum,tricornutum,Phaeodactylum tricornutum,diatoms,18,0.526791857
259,Thompson (1992),Phaeodactylum,tricornutum,Phaeodactylum tricornutum,diatoms,12,0.533723329
259,Thompson (1992),Phaeodactylum,tricornutum,Phaeodactylum tricornutum,diatoms,10,0.621
259,Thompson (1992),Phaeodactylum,tricornutum,Phaeodactylum tricornutum,diatoms,10,0.65
259,Thompson (1992),Phaeodactylum,tricornutum,Phaeodactylum tricornutum,diatoms,10,0.692
259,Thompson (1992),Phaeodactylum,tricornutum,Phaeodactylum tricornutum,diatoms,15,0.84
259,Thompson (1992),Phaeodactylum,tricornutum,Phaeodactylum tricornutum,diatoms,15,0.889
259,Thompson (1992),Phaeodactylum,tricornutum,Phaeodactylum tricornutum,diatoms,17.5,1.116
259,Thompson (1992),Phaeodactylum,tricornutum,Phaeodactylum tricornutum,diatoms,17.5,1.215
259,Thompson (1992),Phaeodactylum,tricornutum,Phaeodactylum tricornutum,diatoms,17.5,1.243
259,Thompson (1992),Phaeodactylum,tricornutum,Phaeodactylum tricornutum,diatoms,20,1.285
259,Thompson (1992),Phaeodactylum,tricornutum,Phaeodactylum tricornutum,diatoms,20,1.363
259,Thompson (1992),Phaeodactylum,tricornutum,Phaeodactylum tricornutum,diatoms,15,1.384
259,Thompson (1992),Phaeodactylum,tricornutum,Phaeodactylum tricornutum,diatoms,20,1.462
259,Thompson (1992),Phaeodactylum,tricornutum,Phaeodactylum tricornutum,diatoms,25,1.561
259,Thompson (1992),Phaeodactylum,tricornutum,Phaeodactylum tricornutum,diatoms,25,1.589
259,Thompson (1992),Phaeodactylum,tricornutum,Phaeodactylum tricornutum,diatoms,25,1.638
260,Conte et al. (1998),Emiliania,huxleyi,nd,coccolithophores,24,0.58501622
260,Conte et al. (1998),Emiliania,huxleyi,nd,coccolithophores,12,0.660569263
260,Conte et al. (1998),Emiliania,huxleyi,nd,coccolithophores,18,0.756916721
260,Conte et al. (1998),Emiliania,huxleyi,nd,coccolithophores,6,0.54827942
260,Conte et al. (1998),Emiliania,huxleyi,nd,coccolithophores,27,0.005545177
260,Conte et al. (1998),Emiliania,huxleyi,nd,coccolithophores,9,0.633536523
262,Johnston (1996),Phaeodactylum,tricornutum,Phaeodactylum tricornutum,diatoms,12,0.138629436
262,Johnston (1996),Phaeodactylum,tricornutum,Phaeodactylum tricornutum,diatoms,18,0.145560908
262,Johnston (1996),Phaeodactylum,tricornutum,Phaeodactylum tricornutum,diatoms,12,0.235670041
262,Johnston (1996),Phaeodactylum,tricornutum,Phaeodactylum tricornutum,diatoms,24,0.256464457
262,Johnston (1996),Phaeodactylum,tricornutum,Phaeodactylum tricornutum,diatoms,12,0.291121816
262,Johnston (1996),Phaeodactylum,tricornutum,Phaeodactylum tricornutum,diatoms,24,0.298053288
262,Johnston (1996),Phaeodactylum,tricornutum,Phaeodactylum tricornutum,diatoms,12,0.339642118
262,Johnston (1996),Phaeodactylum,tricornutum,Phaeodactylum tricornutum,diatoms,18,0.34657359
262,Johnston (1996),Phaeodactylum,tricornutum,Phaeodactylum tricornutum,diatoms,10,0.371526889
262,Johnston (1996),Phaeodactylum,tricornutum,Phaeodactylum tricornutum,diatoms,12,0.395093893
262,Johnston (1996),Phaeodactylum,tricornutum,Phaeodactylum tricornutum,diatoms,18,0.395093893
262,Johnston (1996),Phaeodactylum,tricornutum,Phaeodactylum tricornutum,diatoms,16,0.460942875
262,Johnston (1996),Phaeodactylum,tricornutum,Phaeodactylum tricornutum,diatoms,26,0.463715464
262,Johnston (1996),Phaeodactylum,tricornutum,Phaeodactylum tricornutum,diatoms,24,0.471340083
262,Johnston (1996),Phaeodactylum,tricornutum,Phaeodactylum tricornutum,diatoms,18,0.512928914
262,Johnston (1996),Phaeodactylum,tricornutum,Phaeodactylum tricornutum,diatoms,24,0.526791857
262,Johnston (1996),Phaeodactylum,tricornutum,Phaeodactylum tricornutum,diatoms,18,0.533723329
262,Johnston (1996),Phaeodactylum,tricornutum,Phaeodactylum tricornutum,diatoms,21,0.799891846
320,Jensen & Moestrup (1997),Alexandrium,osterfeldii,Alexandrium osterfeldii,dinoflagellates,11.4,0.055451774
320,Jensen & Moestrup (1997),Alexandrium,osterfeldii,Alexandrium osterfeldii,dinoflagellates,11.3,0.062383246
320,Jensen & Moestrup (1997),Alexandrium,osterfeldii,Alexandrium osterfeldii,dinoflagellates,23.7,0.145560908
320,Jensen & Moestrup (1997),Alexandrium,osterfeldii,Alexandrium osterfeldii,dinoflagellates,16.3,0.15249238
320,Jensen & Moestrup (1997),Alexandrium,osterfeldii,Alexandrium osterfeldii,dinoflagellates,16.4,0.159423852
320,Jensen & Moestrup (1997),Alexandrium,osterfeldii,Alexandrium osterfeldii,dinoflagellates,23.5,0.159423852
320,Jensen & Moestrup (1997),Alexandrium,osterfeldii,Alexandrium osterfeldii,dinoflagellates,20.6,0.214875626
320,Jensen & Moestrup (1997),Alexandrium,osterfeldii,Alexandrium osterfeldii,dinoflagellates,20.3,0.221807098
324,Sundström et al. (2009),Gymnodinium,corollarium,Gymnodinium corollarium,dinoflagellates,10,0.069314718
324,Sundström et al. (2009),Gymnodinium,corollarium,Gymnodinium corollarium,dinoflagellates,8,0.097733752
324,Sundström et al. (2009),Gymnodinium,corollarium,Gymnodinium corollarium,dinoflagellates,0,0.257157604
324,Sundström et al. (2009),Gymnodinium,corollarium,Gymnodinium corollarium,dinoflagellates,2,0.291121816
324,Sundström et al. (2009),Gymnodinium,corollarium,Gymnodinium corollarium,dinoflagellates,6,0.311223084
324,Sundström et al. (2009),Gymnodinium,corollarium,Gymnodinium corollarium,dinoflagellates,4,0.326472322
329,Nielsen (1996),Karlodinium,veneficum,Karlodinium veneficum,dinoflagellates,7,0.13
329,Nielsen (1996),Karlodinium,veneficum,Karlodinium veneficum,dinoflagellates,7,0.17
329,Nielsen (1996),Karlodinium,veneficum,Karlodinium veneficum,dinoflagellates,10,0.17
329,Nielsen (1996),Karlodinium,veneficum,Karlodinium veneficum,dinoflagellates,7,0.18
329,Nielsen (1996),Karlodinium,veneficum,Karlodinium veneficum,dinoflagellates,7,0.19
329,Nielsen (1996),Karlodinium,veneficum,Karlodinium veneficum,dinoflagellates,10,0.21
329,Nielsen (1996),Karlodinium,veneficum,Karlodinium veneficum,dinoflagellates,10,0.22
329,Nielsen (1996),Karlodinium,veneficum,Karlodinium veneficum,dinoflagellates,10,0.25
329,Nielsen (1996),Karlodinium,veneficum,Karlodinium veneficum,dinoflagellates,10,0.27
329,Nielsen (1996),Karlodinium,veneficum,Karlodinium veneficum,dinoflagellates,15,0.28
329,Nielsen (1996),Karlodinium,veneficum,Karlodinium veneficum,dinoflagellates,24,0.33
329,Nielsen (1996),Karlodinium,veneficum,Karlodinium veneficum,dinoflagellates,15,0.38
329,Nielsen (1996),Karlodinium,veneficum,Karlodinium veneficum,dinoflagellates,24,0.38
329,Nielsen (1996),Karlodinium,veneficum,Karlodinium veneficum,dinoflagellates,15,0.41
329,Nielsen (1996),Karlodinium,veneficum,Karlodinium veneficum,dinoflagellates,15,0.45
329,Nielsen (1996),Karlodinium,veneficum,Karlodinium veneficum,dinoflagellates,20,0.45
329,Nielsen (1996),Karlodinium,veneficum,Karlodinium veneficum,dinoflagellates,24,0.45
329,Nielsen (1996),Karlodinium,veneficum,Karlodinium veneficum,dinoflagellates,20,0.47
329,Nielsen (1996),Karlodinium,veneficum,Karlodinium veneficum,dinoflagellates,15,0.48
329,Nielsen (1996),Karlodinium,veneficum,Karlodinium veneficum,dinoflagellates,24,0.51
329,Nielsen (1996),Karlodinium,veneficum,Karlodinium veneficum,dinoflagellates,20,0.56
329,Nielsen (1996),Karlodinium,veneficum,Karlodinium veneficum,dinoflagellates,20,0.57
329,Nielsen (1996),Karlodinium,veneficum,Karlodinium veneficum,dinoflagellates,24,0.57
329,Nielsen (1996),Karlodinium,veneficum,Karlodinium veneficum,dinoflagellates,20,0.63
330,Nielsen & Tønseth (1991),Gymnodinium,aureolum,Gymnodinium aureolum,dinoflagellates,12.5,0.067928424
330,Nielsen & Tønseth (1991),Gymnodinium,aureolum,Gymnodinium aureolum,dinoflagellates,22.5,0.099120047
330,Nielsen & Tønseth (1991),Gymnodinium,aureolum,Gymnodinium aureolum,dinoflagellates,20,0.10327893
330,Nielsen & Tønseth (1991),Gymnodinium,aureolum,Gymnodinium aureolum,dinoflagellates,17.5,0.105358371
330,Nielsen & Tønseth (1991),Gymnodinium,aureolum,Gymnodinium aureolum,dinoflagellates,15,0.111596696
330,Nielsen & Tønseth (1991),Gymnodinium,aureolum,Gymnodinium aureolum,dinoflagellates,12.5,0.124766493
330,Nielsen & Tønseth (1991),Gymnodinium,aureolum,Gymnodinium aureolum,dinoflagellates,12.5,0.137243142
330,Nielsen & Tønseth (1991),Gymnodinium,aureolum,Gymnodinium aureolum,dinoflagellates,12.5,0.160116999
330,Nielsen & Tønseth (1991),Gymnodinium,aureolum,Gymnodinium aureolum,dinoflagellates,15,0.273099989
330,Nielsen & Tønseth (1991),Gymnodinium,aureolum,Gymnodinium aureolum,dinoflagellates,15,0.291814963
330,Nielsen & Tønseth (1991),Gymnodinium,aureolum,Gymnodinium aureolum,dinoflagellates,15,0.294587552
330,Nielsen & Tønseth (1991),Gymnodinium,aureolum,Gymnodinium aureolum,dinoflagellates,17.5,0.317461409
330,Nielsen & Tønseth (1991),Gymnodinium,aureolum,Gymnodinium aureolum,dinoflagellates,17.5,0.34657359
330,Nielsen & Tønseth (1991),Gymnodinium,aureolum,Gymnodinium aureolum,dinoflagellates,17.5,0.357663945
330,Nielsen & Tønseth (1991),Gymnodinium,aureolum,Gymnodinium aureolum,dinoflagellates,22.5,0.378458361
330,Nielsen & Tønseth (1991),Gymnodinium,aureolum,Gymnodinium aureolum,dinoflagellates,22.5,0.381230949
330,Nielsen & Tønseth (1991),Gymnodinium,aureolum,Gymnodinium aureolum,dinoflagellates,20,0.404797953
330,Nielsen & Tønseth (1991),Gymnodinium,aureolum,Gymnodinium aureolum,dinoflagellates,20,0.405491101
330,Nielsen & Tønseth (1991),Gymnodinium,aureolum,Gymnodinium aureolum,dinoflagellates,22.5,0.407570542
330,Nielsen & Tønseth (1991),Gymnodinium,aureolum,Gymnodinium aureolum,dinoflagellates,20,0.420740339
344,Nordli (1957),Biceratium,furca,Biceratium furca,dinoflagellates,10,0.045747714
344,Nordli (1957),Biceratium,furca,Biceratium furca,dinoflagellates,25,0.149026644
344,Nordli (1957),Biceratium,furca,Biceratium furca,dinoflagellates,15,0.189922327
344,Nordli (1957),Biceratium,furca,Biceratium furca,dinoflagellates,20,0.2335906
345,Nordli (1957),Neoceratium,fusus,Neoceratium fusus,dinoflagellates,25,0.099120047
345,Nordli (1957),Neoceratium,fusus,Neoceratium fusus,dinoflagellates,10,0.11298299
345,Nordli (1957),Neoceratium,fusus,Neoceratium fusus,dinoflagellates,20,0.144174614
345,Nordli (1957),Neoceratium,fusus,Neoceratium fusus,dinoflagellates,15,0.202398977
346,Nordli (1957),Neoceratium,lineatum,Neoceratium lineatum,dinoflagellates,5,0.025646446
346,Nordli (1957),Neoceratium,lineatum,Neoceratium lineatum,dinoflagellates,10,0.113676138
346,Nordli (1957),Neoceratium,lineatum,Neoceratium lineatum,dinoflagellates,15,0.149026644
346,Nordli (1957),Neoceratium,lineatum,Neoceratium lineatum,dinoflagellates,25,0.190615475
346,Nordli (1957),Neoceratium,lineatum,Neoceratium lineatum,dinoflagellates,20,0.2335906
347,Nordli (1957),Ceratium,tripos,Ceratium tripos,dinoflagellates,25,0.133084259
347,Nordli (1957),Ceratium,tripos,Ceratium tripos,dinoflagellates,5,0.158730704
347,Nordli (1957),Ceratium,tripos,Ceratium tripos,dinoflagellates,10,0.168434765
347,Nordli (1957),Ceratium,tripos,Ceratium tripos,dinoflagellates,15,0.176059384
347,Nordli (1957),Ceratium,tripos,Ceratium tripos,dinoflagellates,20,0.195467505
348,Conte et al. (1998),Emiliania,huxleyi,nd,coccolithophores,21,1.21439386
348,Conte et al. (1998),Emiliania,huxleyi,nd,coccolithophores,27,0.830390322
348,Conte et al. (1998),Emiliania,huxleyi,nd,coccolithophores,12,0.625911904
348,Conte et al. (1998),Emiliania,huxleyi,nd,coccolithophores,6,0.253691868
348,Conte et al. (1998),Emiliania,huxleyi,nd,coccolithophores,9,0.429058105
348,Conte et al. (1998),Emiliania,huxleyi,nd,coccolithophores,18,0.928124075
348,Conte et al. (1998),Emiliania,huxleyi,nd,coccolithophores,24,1.087547926
353,Conte et al. (1998),Emiliania,huxleyi,nd,coccolithophores,9,0.510849472
353,Conte et al. (1998),Emiliania,huxleyi,nd,coccolithophores,6,0.355584504
353,Conte et al. (1998),Emiliania,huxleyi,nd,coccolithophores,15,0.71532789
353,Conte et al. (1998),Emiliania,huxleyi,nd,coccolithophores,12,0.560062922
353,Conte et al. (1998),Emiliania,huxleyi,nd,coccolithophores,24,0.801278141
353,Conte et al. (1998),Emiliania,huxleyi,nd,coccolithophores,18,0.94891849
353,Conte et al. (1998),Emiliania,huxleyi,nd,coccolithophores,21,0.916340573
358,Mjaaland (1956),Emiliania,huxleyi,nd,coccolithophores,10,0.140708878
358,Mjaaland (1956),Emiliania,huxleyi,nd,coccolithophores,25,0.355584504
358,Mjaaland (1956),Emiliania,huxleyi,nd,coccolithophores,15,0.262702781
358,Mjaaland (1956),Emiliania,huxleyi,nd,coccolithophores,20,0.493520793
361,Suzuki & Takahashi (1995),Chaetoceros,nd,Chaetoceros,diatoms,10,0.352
361,Suzuki & Takahashi (1995),Chaetoceros,nd,Chaetoceros,diatoms,2,0.444
361,Suzuki & Takahashi (1995),Chaetoceros,nd,Chaetoceros,diatoms,0,0.518
361,Suzuki & Takahashi (1995),Chaetoceros,nd,Chaetoceros,diatoms,5,0.576
362,Suzuki & Takahashi (1995),Nitzschia,frigida,Nitzschia frigida,diatoms,0,0.316
362,Suzuki & Takahashi (1995),Nitzschia,frigida,Nitzschia frigida,diatoms,-1.8,0.368
362,Suzuki & Takahashi (1995),Nitzschia,frigida,Nitzschia frigida,diatoms,2,0.421
364,Johnson (2006),Prochlorococcus,marinus,Prochlorococcus marinus,cyanobacteria,17,0.283
364,Johnson (2006),Prochlorococcus,marinus,Prochlorococcus marinus,cyanobacteria,18,0.285
364,Johnson (2006),Prochlorococcus,marinus,Prochlorococcus marinus,cyanobacteria,19,0.326
364,Johnson (2006),Prochlorococcus,marinus,Prochlorococcus marinus,cyanobacteria,29,0.332
364,Johnson (2006),Prochlorococcus,marinus,Prochlorococcus marinus,cyanobacteria,21,0.36
364,Johnson (2006),Prochlorococcus,marinus,Prochlorococcus marinus,cyanobacteria,28,0.471
364,Johnson (2006),Prochlorococcus,marinus,Prochlorococcus marinus,cyanobacteria,22,0.49
364,Johnson (2006),Prochlorococcus,marinus,Prochlorococcus marinus,cyanobacteria,23,0.54
364,Johnson (2006),Prochlorococcus,marinus,Prochlorococcus marinus,cyanobacteria,24,0.575
364,Johnson (2006),Prochlorococcus,marinus,Prochlorococcus marinus,cyanobacteria,26,0.587
364,Johnson (2006),Prochlorococcus,marinus,Prochlorococcus marinus,cyanobacteria,27,0.609
364,Johnson (2006),Prochlorococcus,marinus,Prochlorococcus marinus,cyanobacteria,25,0.623
365,Johnson (2006),Prochlorococcus,marinus,Prochlorococcus marinus,cyanobacteria,17,0.166
365,Johnson (2006),Prochlorococcus,marinus,Prochlorococcus marinus,cyanobacteria,18,0.166
365,Johnson (2006),Prochlorococcus,marinus,Prochlorococcus marinus,cyanobacteria,19,0.227
365,Johnson (2006),Prochlorococcus,marinus,Prochlorococcus marinus,cyanobacteria,22,0.366
365,Johnson (2006),Prochlorococcus,marinus,Prochlorococcus marinus,cyanobacteria,23,0.401
365,Johnson (2006),Prochlorococcus,marinus,Prochlorococcus marinus,cyanobacteria,28,0.429
365,Johnson (2006),Prochlorococcus,marinus,Prochlorococcus marinus,cyanobacteria,31,0.429
365,Johnson (2006),Prochlorococcus,marinus,Prochlorococcus marinus,cyanobacteria,26,0.435
365,Johnson (2006),Prochlorococcus,marinus,Prochlorococcus marinus,cyanobacteria,29,0.435
365,Johnson (2006),Prochlorococcus,marinus,Prochlorococcus marinus,cyanobacteria,24,0.443
365,Johnson (2006),Prochlorococcus,marinus,Prochlorococcus marinus,cyanobacteria,30,0.449
365,Johnson (2006),Prochlorococcus,marinus,Prochlorococcus marinus,cyanobacteria,27,0.471
365,Johnson (2006),Prochlorococcus,marinus,Prochlorococcus marinus,cyanobacteria,25,0.498
366,Johnson (2006),Prochlorococcus,marinus,Prochlorococcus marinus,cyanobacteria,11,0.099
366,Johnson (2006),Prochlorococcus,marinus,Prochlorococcus marinus,cyanobacteria,13,0.194
366,Johnson (2006),Prochlorococcus,marinus,Prochlorococcus marinus,cyanobacteria,14,0.212
366,Johnson (2006),Prochlorococcus,marinus,Prochlorococcus marinus,cyanobacteria,15,0.242
366,Johnson (2006),Prochlorococcus,marinus,Prochlorococcus marinus,cyanobacteria,18,0.271
366,Johnson (2006),Prochlorococcus,marinus,Prochlorococcus marinus,cyanobacteria,28,0.282
366,Johnson (2006),Prochlorococcus,marinus,Prochlorococcus marinus,cyanobacteria,19,0.33
366,Johnson (2006),Prochlorococcus,marinus,Prochlorococcus marinus,cyanobacteria,26,0.424
366,Johnson (2006),Prochlorococcus,marinus,Prochlorococcus marinus,cyanobacteria,24,0.46
366,Johnson (2006),Prochlorococcus,marinus,Prochlorococcus marinus,cyanobacteria,25,0.464
367,Juhl (2005),Alexandrium,monilatum,Alexandrium monilatum,dinoflagellates,20,0.255
367,Juhl (2005),Alexandrium,monilatum,Alexandrium monilatum,dinoflagellates,20,0.263
367,Juhl (2005),Alexandrium,monilatum,Alexandrium monilatum,dinoflagellates,20,0.336
367,Juhl (2005),Alexandrium,monilatum,Alexandrium monilatum,dinoflagellates,31,0.57
367,Juhl (2005),Alexandrium,monilatum,Alexandrium monilatum,dinoflagellates,25,0.599
367,Juhl (2005),Alexandrium,monilatum,Alexandrium monilatum,dinoflagellates,25,0.643
367,Juhl (2005),Alexandrium,monilatum,Alexandrium monilatum,dinoflagellates,31,0.653
368,Zinser et al. (2007),Prochlorococcus,marinus,Prochlorococcus marinus,cyanobacteria,14,0.177
368,Zinser et al. (2007),Prochlorococcus,marinus,Prochlorococcus marinus,cyanobacteria,16,0.272
368,Zinser et al. (2007),Prochlorococcus,marinus,Prochlorococcus marinus,cyanobacteria,18,0.309
368,Zinser et al. (2007),Prochlorococcus,marinus,Prochlorococcus marinus,cyanobacteria,27,0.364
368,Zinser et al. (2007),Prochlorococcus,marinus,Prochlorococcus marinus,cyanobacteria,26,0.42
368,Zinser et al. (2007),Prochlorococcus,marinus,Prochlorococcus marinus,cyanobacteria,22,0.432
368,Zinser et al. (2007),Prochlorococcus,marinus,Prochlorococcus marinus,cyanobacteria,23,0.468
368,Zinser et al. (2007),Prochlorococcus,marinus,Prochlorococcus marinus,cyanobacteria,25,0.473
368,Zinser et al. (2007),Prochlorococcus,marinus,Prochlorococcus marinus,cyanobacteria,24,0.486
369,Zinser et al. (2007),Prochlorococcus,marinus,Prochlorococcus marinus,cyanobacteria,20,0.17
369,Zinser et al. (2007),Prochlorococcus,marinus,Prochlorococcus marinus,cyanobacteria,18,0.212
369,Zinser et al. (2007),Prochlorococcus,marinus,Prochlorococcus marinus,cyanobacteria,19,0.267
369,Zinser et al. (2007),Prochlorococcus,marinus,Prochlorococcus marinus,cyanobacteria,24,0.3
369,Zinser et al. (2007),Prochlorococcus,marinus,Prochlorococcus marinus,cyanobacteria,22,0.352
369,Zinser et al. (2007),Prochlorococcus,marinus,Prochlorococcus marinus,cyanobacteria,23,0.369
369,Zinser et al. (2007),Prochlorococcus,marinus,Prochlorococcus marinus,cyanobacteria,29,0.381
369,Zinser et al. (2007),Prochlorococcus,marinus,Prochlorococcus marinus,cyanobacteria,24,0.393
369,Zinser et al. (2007),Prochlorococcus,marinus,Prochlorococcus marinus,cyanobacteria,25,0.424
369,Zinser et al. (2007),Prochlorococcus,marinus,Prochlorococcus marinus,cyanobacteria,26,0.448
369,Zinser et al. (2007),Prochlorococcus,marinus,Prochlorococcus marinus,cyanobacteria,27,0.448
369,Zinser et al. (2007),Prochlorococcus,marinus,Prochlorococcus marinus,cyanobacteria,28,0.472
370,Nishikawa et al. (2000),Coscinodiscus,wailesii,Coscinodiscus wailesii,diatoms,5,0.216
370,Nishikawa et al. (2000),Coscinodiscus,wailesii,Coscinodiscus wailesii,diatoms,9,0.332710647
370,Nishikawa et al. (2000),Coscinodiscus,wailesii,Coscinodiscus wailesii,diatoms,30,0.36
370,Nishikawa et al. (2000),Coscinodiscus,wailesii,Coscinodiscus wailesii,diatoms,9,0.458863434
370,Nishikawa et al. (2000),Coscinodiscus,wailesii,Coscinodiscus wailesii,diatoms,10,0.461
370,Nishikawa et al. (2000),Coscinodiscus,wailesii,Coscinodiscus wailesii,diatoms,15,0.484
370,Nishikawa et al. (2000),Coscinodiscus,wailesii,Coscinodiscus wailesii,diatoms,12.5,0.487975615
370,Nishikawa et al. (2000),Coscinodiscus,wailesii,Coscinodiscus wailesii,diatoms,12.5,0.528178152
370,Nishikawa et al. (2000),Coscinodiscus,wailesii,Coscinodiscus wailesii,diatoms,20,0.585
370,Nishikawa et al. (2000),Coscinodiscus,wailesii,Coscinodiscus wailesii,diatoms,15,0.587788809
370,Nishikawa et al. (2000),Coscinodiscus,wailesii,Coscinodiscus wailesii,diatoms,15,0.76939337
370,Nishikawa et al. (2000),Coscinodiscus,wailesii,Coscinodiscus wailesii,diatoms,25,0.835
370,Nishikawa et al. (2000),Coscinodiscus,wailesii,Coscinodiscus wailesii,diatoms,20,0.963474581
370,Nishikawa et al. (2000),Coscinodiscus,wailesii,Coscinodiscus wailesii,diatoms,20,1.011994884
372,Binder & Anderson (1987),Scripsiella,trochoidea,Scripsiella trochoidea,dinoflagellates,23.5,0.08
372,Binder & Anderson (1987),Scripsiella,trochoidea,Scripsiella trochoidea,dinoflagellates,2,0.232
372,Binder & Anderson (1987),Scripsiella,trochoidea,Scripsiella trochoidea,dinoflagellates,4,0.272
372,Binder & Anderson (1987),Scripsiella,trochoidea,Scripsiella trochoidea,dinoflagellates,22.5,0.299
372,Binder & Anderson (1987),Scripsiella,trochoidea,Scripsiella trochoidea,dinoflagellates,6,0.317
372,Binder & Anderson (1987),Scripsiella,trochoidea,Scripsiella trochoidea,dinoflagellates,7.5,0.327
372,Binder & Anderson (1987),Scripsiella,trochoidea,Scripsiella trochoidea,dinoflagellates,21,0.348
372,Binder & Anderson (1987),Scripsiella,trochoidea,Scripsiella trochoidea,dinoflagellates,9.5,0.373
372,Binder & Anderson (1987),Scripsiella,trochoidea,Scripsiella trochoidea,dinoflagellates,19.5,0.415
372,Binder & Anderson (1987),Scripsiella,trochoidea,Scripsiella trochoidea,dinoflagellates,14,0.418
372,Binder & Anderson (1987),Scripsiella,trochoidea,Scripsiella trochoidea,dinoflagellates,12.5,0.454
372,Binder & Anderson (1987),Scripsiella,trochoidea,Scripsiella trochoidea,dinoflagellates,11,0.463
372,Binder & Anderson (1987),Scripsiella,trochoidea,Scripsiella trochoidea,dinoflagellates,15.5,0.463
372,Binder & Anderson (1987),Scripsiella,trochoidea,Scripsiella trochoidea,dinoflagellates,18,0.466
372,Binder & Anderson (1987),Scripsiella,trochoidea,Scripsiella trochoidea,dinoflagellates,16.5,0.474
402,Langdon (1988),Alexandrium,tamarense,Alexandrium tamarense,dinoflagellates,5,0.145560908
402,Langdon (1988),Alexandrium,tamarense,Alexandrium tamarense,dinoflagellates,10,0.2703274
402,Langdon (1988),Alexandrium,tamarense,Alexandrium tamarense,dinoflagellates,15,0.402025365
402,Langdon (1988),Alexandrium,tamarense,Alexandrium tamarense,dinoflagellates,20,0.42281978
403,Raimbault (1984),Chaetoceros,affinis,Chaetoceros affinis,diatoms,10,0.1
403,Raimbault (1984),Chaetoceros,affinis,Chaetoceros affinis,diatoms,12,0.3
403,Raimbault (1984),Chaetoceros,affinis,Chaetoceros affinis,diatoms,15,0.8
403,Raimbault (1984),Chaetoceros,affinis,Chaetoceros affinis,diatoms,20,1
403,Raimbault (1984),Chaetoceros,affinis,Chaetoceros affinis,diatoms,18,1.3
403,Raimbault (1984),Chaetoceros,affinis,Chaetoceros affinis,diatoms,27,1.3
403,Raimbault (1984),Chaetoceros,affinis,Chaetoceros affinis,diatoms,25,1.5
404,Yanase & Imai (1968),Chaetoceros,calcitrans,Chaetoceros calcitrans,diatoms,17,0.395
404,Yanase & Imai (1968),Chaetoceros,calcitrans,Chaetoceros calcitrans,diatoms,29,0.41
404,Yanase & Imai (1968),Chaetoceros,calcitrans,Chaetoceros calcitrans,diatoms,20,0.416
404,Yanase & Imai (1968),Chaetoceros,calcitrans,Chaetoceros calcitrans,diatoms,27,0.425
404,Yanase & Imai (1968),Chaetoceros,calcitrans,Chaetoceros calcitrans,diatoms,23,0.462
404,Yanase & Imai (1968),Chaetoceros,calcitrans,Chaetoceros calcitrans,diatoms,25,0.526
404,Yanase & Imai (1968),Chaetoceros,calcitrans,Chaetoceros calcitrans,diatoms,17,0.677
404,Yanase & Imai (1968),Chaetoceros,calcitrans,Chaetoceros calcitrans,diatoms,17,0.74
404,Yanase & Imai (1968),Chaetoceros,calcitrans,Chaetoceros calcitrans,diatoms,17,0.747
404,Yanase & Imai (1968),Chaetoceros,calcitrans,Chaetoceros calcitrans,diatoms,29,0.905
404,Yanase & Imai (1968),Chaetoceros,calcitrans,Chaetoceros calcitrans,diatoms,27,0.982
404,Yanase & Imai (1968),Chaetoceros,calcitrans,Chaetoceros calcitrans,diatoms,29,0.991
404,Yanase & Imai (1968),Chaetoceros,calcitrans,Chaetoceros calcitrans,diatoms,29,1.017
404,Yanase & Imai (1968),Chaetoceros,calcitrans,Chaetoceros calcitrans,diatoms,27,1.03
404,Yanase & Imai (1968),Chaetoceros,calcitrans,Chaetoceros calcitrans,diatoms,27,1.034
404,Yanase & Imai (1968),Chaetoceros,calcitrans,Chaetoceros calcitrans,diatoms,20,1.125
404,Yanase & Imai (1968),Chaetoceros,calcitrans,Chaetoceros calcitrans,diatoms,20,1.179
404,Yanase & Imai (1968),Chaetoceros,calcitrans,Chaetoceros calcitrans,diatoms,20,1.195
404,Yanase & Imai (1968),Chaetoceros,calcitrans,Chaetoceros calcitrans,diatoms,25,1.332
404,Yanase & Imai (1968),Chaetoceros,calcitrans,Chaetoceros calcitrans,diatoms,25,1.447
404,Yanase & Imai (1968),Chaetoceros,calcitrans,Chaetoceros calcitrans,diatoms,25,1.461
404,Yanase & Imai (1968),Chaetoceros,calcitrans,Chaetoceros calcitrans,diatoms,23,1.524
404,Yanase & Imai (1968),Chaetoceros,calcitrans,Chaetoceros calcitrans,diatoms,23,1.563
404,Yanase & Imai (1968),Chaetoceros,calcitrans,Chaetoceros calcitrans,diatoms,23,1.589
406,Thompson (1992),Chaetoceros,gracilis,Chaetoceros gracilis,diatoms,10,0.377
406,Thompson (1992),Chaetoceros,gracilis,Chaetoceros gracilis,diatoms,10,0.436
406,Thompson (1992),Chaetoceros,gracilis,Chaetoceros gracilis,diatoms,10,0.446
406,Thompson (1992),Chaetoceros,gracilis,Chaetoceros gracilis,diatoms,10,0.754
406,Thompson (1992),Chaetoceros,gracilis,Chaetoceros gracilis,diatoms,15,0.992
406,Thompson (1992),Chaetoceros,gracilis,Chaetoceros gracilis,diatoms,25,1.031
406,Thompson (1992),Chaetoceros,gracilis,Chaetoceros gracilis,diatoms,15,1.071
406,Thompson (1992),Chaetoceros,gracilis,Chaetoceros gracilis,diatoms,15,1.101
406,Thompson (1992),Chaetoceros,gracilis,Chaetoceros gracilis,diatoms,15,1.13
406,Thompson (1992),Chaetoceros,gracilis,Chaetoceros gracilis,diatoms,25,1.269
406,Thompson (1992),Chaetoceros,gracilis,Chaetoceros gracilis,diatoms,20,1.309
406,Thompson (1992),Chaetoceros,gracilis,Chaetoceros gracilis,diatoms,20,1.517
406,Thompson (1992),Chaetoceros,gracilis,Chaetoceros gracilis,diatoms,17.5,1.547
406,Thompson (1992),Chaetoceros,gracilis,Chaetoceros gracilis,diatoms,20,1.656
406,Thompson (1992),Chaetoceros,gracilis,Chaetoceros gracilis,diatoms,20,1.795
406,Thompson (1992),Chaetoceros,gracilis,Chaetoceros gracilis,diatoms,25,1.795
406,Thompson (1992),Chaetoceros,gracilis,Chaetoceros gracilis,diatoms,25,1.824
406,Thompson (1992),Chaetoceros,gracilis,Chaetoceros gracilis,diatoms,25,1.864
407,Mortensen et al. (1988),Chaetoceros,gracilis,Chaetoceros gracilis,diatoms,14,0.098
407,Mortensen et al. (1988),Chaetoceros,gracilis,Chaetoceros gracilis,diatoms,20,0.9954
407,Mortensen et al. (1988),Chaetoceros,gracilis,Chaetoceros gracilis,diatoms,23,1.54
407,Mortensen et al. (1988),Chaetoceros,gracilis,Chaetoceros gracilis,diatoms,36,1.6926
407,Mortensen et al. (1988),Chaetoceros,gracilis,Chaetoceros gracilis,diatoms,26,1.8802
407,Mortensen et al. (1988),Chaetoceros,gracilis,Chaetoceros gracilis,diatoms,28,1.9922
407,Mortensen et al. (1988),Chaetoceros,gracilis,Chaetoceros gracilis,diatoms,32,2.2218
407,Mortensen et al. (1988),Chaetoceros,gracilis,Chaetoceros gracilis,diatoms,30,2.2988
411,Montagnes & Franklin (2001),Conticribra,weissflogii,Conticribra weissflogii,diatoms,9,0.162
411,Montagnes & Franklin (2001),Conticribra,weissflogii,Conticribra weissflogii,diatoms,25,0.387
411,Montagnes & Franklin (2001),Conticribra,weissflogii,Conticribra weissflogii,diatoms,20,0.517
411,Montagnes & Franklin (2001),Conticribra,weissflogii,Conticribra weissflogii,diatoms,16,0.548
411,Montagnes & Franklin (2001),Conticribra,weissflogii,Conticribra weissflogii,diatoms,12,0.587
412,Montagnes & Franklin (2001),Coscinodiscus,nd,Coscinodiscus,diatoms,10,0.136
412,Montagnes & Franklin (2001),Coscinodiscus,nd,Coscinodiscus,diatoms,20,0.181
412,Montagnes & Franklin (2001),Coscinodiscus,nd,Coscinodiscus,diatoms,25,0.207
412,Montagnes & Franklin (2001),Coscinodiscus,nd,Coscinodiscus,diatoms,13,0.286
412,Montagnes & Franklin (2001),Coscinodiscus,nd,Coscinodiscus,diatoms,17,0.334
414,Yanase & Imai (1968),Cylindrotheca,closterium,Cylindrotheca closterium,diatoms,17,0.168
414,Yanase & Imai (1968),Cylindrotheca,closterium,Cylindrotheca closterium,diatoms,29,0.198
414,Yanase & Imai (1968),Cylindrotheca,closterium,Cylindrotheca closterium,diatoms,27,0.207
414,Yanase & Imai (1968),Cylindrotheca,closterium,Cylindrotheca closterium,diatoms,20,0.245
414,Yanase & Imai (1968),Cylindrotheca,closterium,Cylindrotheca closterium,diatoms,25,0.254
414,Yanase & Imai (1968),Cylindrotheca,closterium,Cylindrotheca closterium,diatoms,23,0.259
414,Yanase & Imai (1968),Cylindrotheca,closterium,Cylindrotheca closterium,diatoms,17,0.385
414,Yanase & Imai (1968),Cylindrotheca,closterium,Cylindrotheca closterium,diatoms,17,0.397
414,Yanase & Imai (1968),Cylindrotheca,closterium,Cylindrotheca closterium,diatoms,20,0.411
414,Yanase & Imai (1968),Cylindrotheca,closterium,Cylindrotheca closterium,diatoms,17,0.438
414,Yanase & Imai (1968),Cylindrotheca,closterium,Cylindrotheca closterium,diatoms,20,0.44
414,Yanase & Imai (1968),Cylindrotheca,closterium,Cylindrotheca closterium,diatoms,20,0.464
414,Yanase & Imai (1968),Cylindrotheca,closterium,Cylindrotheca closterium,diatoms,29,0.496
414,Yanase & Imai (1968),Cylindrotheca,closterium,Cylindrotheca closterium,diatoms,27,0.506
414,Yanase & Imai (1968),Cylindrotheca,closterium,Cylindrotheca closterium,diatoms,25,0.515
414,Yanase & Imai (1968),Cylindrotheca,closterium,Cylindrotheca closterium,diatoms,29,0.516
414,Yanase & Imai (1968),Cylindrotheca,closterium,Cylindrotheca closterium,diatoms,29,0.523
414,Yanase & Imai (1968),Cylindrotheca,closterium,Cylindrotheca closterium,diatoms,27,0.529
414,Yanase & Imai (1968),Cylindrotheca,closterium,Cylindrotheca closterium,diatoms,25,0.534
414,Yanase & Imai (1968),Cylindrotheca,closterium,Cylindrotheca closterium,diatoms,23,0.536
414,Yanase & Imai (1968),Cylindrotheca,closterium,Cylindrotheca closterium,diatoms,27,0.537
414,Yanase & Imai (1968),Cylindrotheca,closterium,Cylindrotheca closterium,diatoms,25,0.542
414,Yanase & Imai (1968),Cylindrotheca,closterium,Cylindrotheca closterium,diatoms,23,0.549
414,Yanase & Imai (1968),Cylindrotheca,closterium,Cylindrotheca closterium,diatoms,23,0.567
415,Paasche (1968),Ditylum,brightwellii,Ditylum brightwellii,diatoms,13,0.880990066
415,Paasche (1968),Ditylum,brightwellii,Ditylum brightwellii,diatoms,30,1.161714675
415,Paasche (1968),Ditylum,brightwellii,Ditylum brightwellii,diatoms,20,1.482641819
415,Paasche (1968),Ditylum,brightwellii,Ditylum brightwellii,diatoms,27,1.734947393
416,Montagnes & Franklin (2001),Ditylum,brightwellii,Ditylum brightwellii,diatoms,9,0.409
416,Montagnes & Franklin (2001),Ditylum,brightwellii,Ditylum brightwellii,diatoms,13,0.508
416,Montagnes & Franklin (2001),Ditylum,brightwellii,Ditylum brightwellii,diatoms,12,0.625
416,Montagnes & Franklin (2001),Ditylum,brightwellii,Ditylum brightwellii,diatoms,25,0.676
416,Montagnes & Franklin (2001),Ditylum,brightwellii,Ditylum brightwellii,diatoms,16.5,0.696
416,Montagnes & Franklin (2001),Ditylum,brightwellii,Ditylum brightwellii,diatoms,20,0.725
421,Paasche (1967),Emiliania,huxleyi,nd,coccolithophores,29,0.01732868
421,Paasche (1967),Emiliania,huxleyi,nd,coccolithophores,21,1.216473302
421,Paasche (1967),Emiliania,huxleyi,nd,coccolithophores,26.5,0.444307343
421,Paasche (1967),Emiliania,huxleyi,nd,coccolithophores,26.5,0.525405563
421,Paasche (1967),Emiliania,huxleyi,nd,coccolithophores,23,1.216473302
421,Paasche (1967),Emiliania,huxleyi,nd,coccolithophores,12.5,0.328551764
421,Paasche (1967),Emiliania,huxleyi,nd,coccolithophores,26.5,0.574619013
421,Paasche (1967),Emiliania,huxleyi,nd,coccolithophores,23,1.15547635
421,Paasche (1967),Emiliania,huxleyi,nd,coccolithophores,17.5,0.786028903
421,Paasche (1967),Emiliania,huxleyi,nd,coccolithophores,17.5,0.684136267
421,Paasche (1967),Emiliania,huxleyi,nd,coccolithophores,21,0.553824597
421,Paasche (1967),Emiliania,huxleyi,nd,coccolithophores,12.5,0.389548715
421,Paasche (1967),Emiliania,huxleyi,nd,coccolithophores,23,0.850491591
421,Paasche (1967),Emiliania,huxleyi,nd,coccolithophores,12.5,0.177445678
421,Paasche (1967),Emiliania,huxleyi,nd,coccolithophores,26.5,0.68829515
421,Paasche (1967),Emiliania,huxleyi,nd,coccolithophores,17.5,0.207251007
421,Paasche (1967),Emiliania,huxleyi,nd,coccolithophores,12.5,0.084563956
421,Paasche (1967),Emiliania,huxleyi,nd,coccolithophores,21,0.919806309
421,Paasche (1967),Emiliania,huxleyi,nd,coccolithophores,17.5,0.460249728
422,Mjaaland (1956),Emiliania,huxleyi,nd,coccolithophores,10,0.097733752
422,Mjaaland (1956),Emiliania,huxleyi,nd,coccolithophores,15,0.257157604
422,Mjaaland (1956),Emiliania,huxleyi,nd,coccolithophores,25,0.203092124
422,Mjaaland (1956),Emiliania,huxleyi,nd,coccolithophores,20,0.553824597
422,Mjaaland (1956),Emiliania,huxleyi,nd,coccolithophores,14.5,0.24329466
422,Mjaaland (1956),Emiliania,huxleyi,nd,coccolithophores,8,0.067928424
423,Mjaaland (1956),Emiliania,huxleyi,nd,coccolithophores,15,0.305677907
423,Mjaaland (1956),Emiliania,huxleyi,nd,coccolithophores,7,0.043668272
423,Mjaaland (1956),Emiliania,huxleyi,nd,coccolithophores,22.5,0.413808867
423,Mjaaland (1956),Emiliania,huxleyi,nd,coccolithophores,10,0.18437715
423,Mjaaland (1956),Emiliania,huxleyi,nd,coccolithophores,20,0.578084749
430,Montagnes & Franklin (2001),Phaeodactylum,tricornutum,Phaeodactylum tricornutum,diatoms,8,0.423
430,Montagnes & Franklin (2001),Phaeodactylum,tricornutum,Phaeodactylum tricornutum,diatoms,8,0.523
430,Montagnes & Franklin (2001),Phaeodactylum,tricornutum,Phaeodactylum tricornutum,diatoms,9,0.538
430,Montagnes & Franklin (2001),Phaeodactylum,tricornutum,Phaeodactylum tricornutum,diatoms,13,0.726
430,Montagnes & Franklin (2001),Phaeodactylum,tricornutum,Phaeodactylum tricornutum,diatoms,25,0.74
430,Montagnes & Franklin (2001),Phaeodactylum,tricornutum,Phaeodactylum tricornutum,diatoms,13,0.822
430,Montagnes & Franklin (2001),Phaeodactylum,tricornutum,Phaeodactylum tricornutum,diatoms,16,0.923
430,Montagnes & Franklin (2001),Phaeodactylum,tricornutum,Phaeodactylum tricornutum,diatoms,20,0.995
430,Montagnes & Franklin (2001),Phaeodactylum,tricornutum,Phaeodactylum tricornutum,diatoms,17,1.163
430,Montagnes & Franklin (2001),Phaeodactylum,tricornutum,Phaeodactylum tricornutum,diatoms,25,1.365
430,Montagnes & Franklin (2001),Phaeodactylum,tricornutum,Phaeodactylum tricornutum,diatoms,20,1.393
432,Raimbault (1984),Phaeodactylum,tricornutum,Phaeodactylum tricornutum,diatoms,5,0.5
432,Raimbault (1984),Phaeodactylum,tricornutum,Phaeodactylum tricornutum,diatoms,27,0.6
432,Raimbault (1984),Phaeodactylum,tricornutum,Phaeodactylum tricornutum,diatoms,8,0.8
432,Raimbault (1984),Phaeodactylum,tricornutum,Phaeodactylum tricornutum,diatoms,10,1
432,Raimbault (1984),Phaeodactylum,tricornutum,Phaeodactylum tricornutum,diatoms,12,1.2
432,Raimbault (1984),Phaeodactylum,tricornutum,Phaeodactylum tricornutum,diatoms,18,1.3
432,Raimbault (1984),Phaeodactylum,tricornutum,Phaeodactylum tricornutum,diatoms,15,1.4
432,Raimbault (1984),Phaeodactylum,tricornutum,Phaeodactylum tricornutum,diatoms,20,1.5
432,Raimbault (1984),Phaeodactylum,tricornutum,Phaeodactylum tricornutum,diatoms,25,1.6
434,Blankley & Lewin (1976),Pleurochrysis,carterae,nd,coccolithophores,19,0.3374
434,Blankley & Lewin (1976),Pleurochrysis,carterae,nd,coccolithophores,15,0.252
434,Blankley & Lewin (1976),Pleurochrysis,carterae,nd,coccolithophores,12,0.147
434,Blankley & Lewin (1976),Pleurochrysis,carterae,nd,coccolithophores,17.5,0.259
434,Blankley & Lewin (1976),Pleurochrysis,carterae,nd,coccolithophores,16,0.2212
434,Blankley & Lewin (1976),Pleurochrysis,carterae,nd,coccolithophores,20.5,0.3206
434,Blankley & Lewin (1976),Pleurochrysis,carterae,nd,coccolithophores,22.5,0.3122
434,Blankley & Lewin (1976),Pleurochrysis,carterae,nd,coccolithophores,19,0.28
434,Blankley & Lewin (1976),Pleurochrysis,carterae,nd,coccolithophores,27,0.1288
434,Blankley & Lewin (1976),Pleurochrysis,carterae,nd,coccolithophores,25,0.203
434,Blankley & Lewin (1976),Pleurochrysis,carterae,nd,coccolithophores,23,0.3066
436,Montagnes & Franklin (2001),Skeletonema,costatum,Skeletonema costatum,diatoms,9,0.448
436,Montagnes & Franklin (2001),Skeletonema,costatum,Skeletonema costatum,diatoms,16,0.701
436,Montagnes & Franklin (2001),Skeletonema,costatum,Skeletonema costatum,diatoms,13,0.706
436,Montagnes & Franklin (2001),Skeletonema,costatum,Skeletonema costatum,diatoms,25,0.801
436,Montagnes & Franklin (2001),Skeletonema,costatum,Skeletonema costatum,diatoms,20,0.879
450,Kaeriyama et al. (2011),Skeletonema,costatum,Skeletonema costatum,diatoms,10,0.356
450,Kaeriyama et al. (2011),Skeletonema,costatum,Skeletonema costatum,diatoms,15,0.827
450,Kaeriyama et al. (2011),Skeletonema,costatum,Skeletonema costatum,diatoms,20,1.226
450,Kaeriyama et al. (2011),Skeletonema,costatum,Skeletonema costatum,diatoms,30,1.247
450,Kaeriyama et al. (2011),Skeletonema,costatum,Skeletonema costatum,diatoms,25,1.29
451,Kaeriyama et al. (2011),Skeletonema,pseudocostatum,Skeletonema pseudocostatum,diatoms,10,0.61
451,Kaeriyama et al. (2011),Skeletonema,pseudocostatum,Skeletonema pseudocostatum,diatoms,15,1.219
451,Kaeriyama et al. (2011),Skeletonema,pseudocostatum,Skeletonema pseudocostatum,diatoms,20,1.375
451,Kaeriyama et al. (2011),Skeletonema,pseudocostatum,Skeletonema pseudocostatum,diatoms,25,1.447
451,Kaeriyama et al. (2011),Skeletonema,pseudocostatum,Skeletonema pseudocostatum,diatoms,30,1.9
452,Kaeriyama et al. (2011),Skeletonema,marinoi-dohrnii,Skeletonema marinoi-dohrnii,diatoms,10,1.015
452,Kaeriyama et al. (2011),Skeletonema,marinoi-dohrnii,Skeletonema marinoi-dohrnii,diatoms,15,1.461
452,Kaeriyama et al. (2011),Skeletonema,marinoi-dohrnii,Skeletonema marinoi-dohrnii,diatoms,20,1.578
452,Kaeriyama et al. (2011),Skeletonema,marinoi-dohrnii,Skeletonema marinoi-dohrnii,diatoms,25,1.603
452,Kaeriyama et al. (2011),Skeletonema,marinoi-dohrnii,Skeletonema marinoi-dohrnii,diatoms,30,1.69
453,Kaeriyama et al. (2011),Skeletonema,marinoi-dohrnii,Skeletonema marinoi-dohrnii,diatoms,10,0.89
453,Kaeriyama et al. (2011),Skeletonema,marinoi-dohrnii,Skeletonema marinoi-dohrnii,diatoms,15,1.332
453,Kaeriyama et al. (2011),Skeletonema,marinoi-dohrnii,Skeletonema marinoi-dohrnii,diatoms,20,1.532
453,Kaeriyama et al. (2011),Skeletonema,marinoi-dohrnii,Skeletonema marinoi-dohrnii,diatoms,25,1.623
453,Kaeriyama et al. (2011),Skeletonema,marinoi-dohrnii,Skeletonema marinoi-dohrnii,diatoms,30,1.629
454,Kaeriyama et al. (2011),Skeletonema,marinoi-dohrnii,Skeletonema marinoi-dohrnii,diatoms,10,1.086
454,Kaeriyama et al. (2011),Skeletonema,marinoi-dohrnii,Skeletonema marinoi-dohrnii,diatoms,15,1.222
454,Kaeriyama et al. (2011),Skeletonema,marinoi-dohrnii,Skeletonema marinoi-dohrnii,diatoms,20,1.287
454,Kaeriyama et al. (2011),Skeletonema,marinoi-dohrnii,Skeletonema marinoi-dohrnii,diatoms,25,1.494
454,Kaeriyama et al. (2011),Skeletonema,marinoi-dohrnii,Skeletonema marinoi-dohrnii,diatoms,30,1.623
455,Kaeriyama et al. (2011),Skeletonema,marinoi-dohrnii,Skeletonema marinoi-dohrnii,diatoms,10,0.899
455,Kaeriyama et al. (2011),Skeletonema,marinoi-dohrnii,Skeletonema marinoi-dohrnii,diatoms,15,0.989
455,Kaeriyama et al. (2011),Skeletonema,marinoi-dohrnii,Skeletonema marinoi-dohrnii,diatoms,20,1.287
455,Kaeriyama et al. (2011),Skeletonema,marinoi-dohrnii,Skeletonema marinoi-dohrnii,diatoms,30,1.433
455,Kaeriyama et al. (2011),Skeletonema,marinoi-dohrnii,Skeletonema marinoi-dohrnii,diatoms,25,1.649
456,Kaeriyama et al. (2011),Skeletonema,marinoi-dohrnii,Skeletonema marinoi-dohrnii,diatoms,10,1.06
456,Kaeriyama et al. (2011),Skeletonema,marinoi-dohrnii,Skeletonema marinoi-dohrnii,diatoms,15,1.513
456,Kaeriyama et al. (2011),Skeletonema,marinoi-dohrnii,Skeletonema marinoi-dohrnii,diatoms,30,1.558
456,Kaeriyama et al. (2011),Skeletonema,marinoi-dohrnii,Skeletonema marinoi-dohrnii,diatoms,20,1.603
456,Kaeriyama et al. (2011),Skeletonema,marinoi-dohrnii,Skeletonema marinoi-dohrnii,diatoms,25,1.668
457,Kaeriyama et al. (2011),Skeletonema,japonicum,Skeletonema japonicum,diatoms,15,1.212
457,Kaeriyama et al. (2011),Skeletonema,japonicum,Skeletonema japonicum,diatoms,10,1.25
457,Kaeriyama et al. (2011),Skeletonema,japonicum,Skeletonema japonicum,diatoms,25,1.545
457,Kaeriyama et al. (2011),Skeletonema,japonicum,Skeletonema japonicum,diatoms,20,1.59
458,Kaeriyama et al. (2011),Skeletonema,japonicum,Skeletonema japonicum,diatoms,15,0.859
458,Kaeriyama et al. (2011),Skeletonema,japonicum,Skeletonema japonicum,diatoms,10,1.154
458,Kaeriyama et al. (2011),Skeletonema,japonicum,Skeletonema japonicum,diatoms,20,1.526
458,Kaeriyama et al. (2011),Skeletonema,japonicum,Skeletonema japonicum,diatoms,25,1.532
459,Kaeriyama et al. (2011),Skeletonema,japonicum,Skeletonema japonicum,diatoms,10,0.942
459,Kaeriyama et al. (2011),Skeletonema,japonicum,Skeletonema japonicum,diatoms,15,1.301
459,Kaeriyama et al. (2011),Skeletonema,japonicum,Skeletonema japonicum,diatoms,20,1.551
459,Kaeriyama et al. (2011),Skeletonema,japonicum,Skeletonema japonicum,diatoms,25,1.63
460,Kaeriyama et al. (2011),Skeletonema,japonicum,Skeletonema japonicum,diatoms,10,0.84
460,Kaeriyama et al. (2011),Skeletonema,japonicum,Skeletonema japonicum,diatoms,15,0.84
460,Kaeriyama et al. (2011),Skeletonema,japonicum,Skeletonema japonicum,diatoms,25,1.487
460,Kaeriyama et al. (2011),Skeletonema,japonicum,Skeletonema japonicum,diatoms,20,1.526
461,Kaeriyama et al. (2011),Skeletonema,japonicum,Skeletonema japonicum,diatoms,10,1.012
461,Kaeriyama et al. (2011),Skeletonema,japonicum,Skeletonema japonicum,diatoms,15,1.103
461,Kaeriyama et al. (2011),Skeletonema,japonicum,Skeletonema japonicum,diatoms,20,1.506
461,Kaeriyama et al. (2011),Skeletonema,japonicum,Skeletonema japonicum,diatoms,25,1.551
462,Kaeriyama et al. (2011),Skeletonema,tropicum,Skeletonema tropicum,diatoms,15,0.813
462,Kaeriyama et al. (2011),Skeletonema,tropicum,Skeletonema tropicum,diatoms,30,1.084
462,Kaeriyama et al. (2011),Skeletonema,tropicum,Skeletonema tropicum,diatoms,20,1.103
462,Kaeriyama et al. (2011),Skeletonema,tropicum,Skeletonema tropicum,diatoms,25,1.219
463,Kaeriyama et al. (2011),Skeletonema,tropicum,Skeletonema tropicum,diatoms,15,0.761
463,Kaeriyama et al. (2011),Skeletonema,tropicum,Skeletonema tropicum,diatoms,20,0.916
463,Kaeriyama et al. (2011),Skeletonema,tropicum,Skeletonema tropicum,diatoms,30,1.194
463,Kaeriyama et al. (2011),Skeletonema,tropicum,Skeletonema tropicum,diatoms,25,1.303
464,Kaeriyama et al. (2011),Skeletonema,tropicum,Skeletonema tropicum,diatoms,15,0.832
464,Kaeriyama et al. (2011),Skeletonema,tropicum,Skeletonema tropicum,diatoms,20,1.368
464,Kaeriyama et al. (2011),Skeletonema,tropicum,Skeletonema tropicum,diatoms,25,1.503
464,Kaeriyama et al. (2011),Skeletonema,tropicum,Skeletonema tropicum,diatoms,30,1.55
465,Kaeriyama et al. (2011),Skeletonema,tropicum,Skeletonema tropicum,diatoms,15,0.858
465,Kaeriyama et al. (2011),Skeletonema,tropicum,Skeletonema tropicum,diatoms,20,1.11
465,Kaeriyama et al. (2011),Skeletonema,tropicum,Skeletonema tropicum,diatoms,25,1.426
465,Kaeriyama et al. (2011),Skeletonema,tropicum,Skeletonema tropicum,diatoms,30,1.561
466,Kaeriyama et al. (2011),Skeletonema,tropicum,Skeletonema tropicum,diatoms,15,0.69
466,Kaeriyama et al. (2011),Skeletonema,tropicum,Skeletonema tropicum,diatoms,20,1.361
466,Kaeriyama et al. (2011),Skeletonema,tropicum,Skeletonema tropicum,diatoms,30,1.497
466,Kaeriyama et al. (2011),Skeletonema,tropicum,Skeletonema tropicum,diatoms,25,1.55
467,Kaeriyama et al. (2011),Skeletonema,menzelii,Skeletonema menzelii,diatoms,10,0.53
467,Kaeriyama et al. (2011),Skeletonema,menzelii,Skeletonema menzelii,diatoms,35,0.758
467,Kaeriyama et al. (2011),Skeletonema,menzelii,Skeletonema menzelii,diatoms,15,1.2
467,Kaeriyama et al. (2011),Skeletonema,menzelii,Skeletonema menzelii,diatoms,20,1.462
467,Kaeriyama et al. (2011),Skeletonema,menzelii,Skeletonema menzelii,diatoms,25,1.979
467,Kaeriyama et al. (2011),Skeletonema,menzelii,Skeletonema menzelii,diatoms,30,2.114
468,Kaeriyama et al. (2011),Skeletonema,menzelii,Skeletonema menzelii,diatoms,10,0.549
468,Kaeriyama et al. (2011),Skeletonema,menzelii,Skeletonema menzelii,diatoms,15,1.129
468,Kaeriyama et al. (2011),Skeletonema,menzelii,Skeletonema menzelii,diatoms,20,1.417
468,Kaeriyama et al. (2011),Skeletonema,menzelii,Skeletonema menzelii,diatoms,35,1.873
468,Kaeriyama et al. (2011),Skeletonema,menzelii,Skeletonema menzelii,diatoms,30,2.114
468,Kaeriyama et al. (2011),Skeletonema,menzelii,Skeletonema menzelii,diatoms,25,2.119
469,Kaeriyama et al. (2011),Skeletonema,menzelii,Skeletonema menzelii,diatoms,10,0.453
469,Kaeriyama et al. (2011),Skeletonema,menzelii,Skeletonema menzelii,diatoms,15,0.97
469,Kaeriyama et al. (2011),Skeletonema,menzelii,Skeletonema menzelii,diatoms,20,1.462
469,Kaeriyama et al. (2011),Skeletonema,menzelii,Skeletonema menzelii,diatoms,25,1.813
469,Kaeriyama et al. (2011),Skeletonema,menzelii,Skeletonema menzelii,diatoms,30,1.903
469,Kaeriyama et al. (2011),Skeletonema,menzelii,Skeletonema menzelii,diatoms,35,2.58
470,Kaeriyama et al. (2011),Skeletonema,menzelii,Skeletonema menzelii,diatoms,35,0.605
470,Kaeriyama et al. (2011),Skeletonema,menzelii,Skeletonema menzelii,diatoms,10,0.632
470,Kaeriyama et al. (2011),Skeletonema,menzelii,Skeletonema menzelii,diatoms,15,1.301
470,Kaeriyama et al. (2011),Skeletonema,menzelii,Skeletonema menzelii,diatoms,25,1.845
470,Kaeriyama et al. (2011),Skeletonema,menzelii,Skeletonema menzelii,diatoms,20,1.857
470,Kaeriyama et al. (2011),Skeletonema,menzelii,Skeletonema menzelii,diatoms,30,1.961
471,Kaeriyama et al. (2011),Skeletonema,ardens,Skeletonema ardens,diatoms,15,0.761
471,Kaeriyama et al. (2011),Skeletonema,ardens,Skeletonema ardens,diatoms,20,1.388
471,Kaeriyama et al. (2011),Skeletonema,ardens,Skeletonema ardens,diatoms,25,1.503
471,Kaeriyama et al. (2011),Skeletonema,ardens,Skeletonema ardens,diatoms,30,1.95
471,Kaeriyama et al. (2011),Skeletonema,ardens,Skeletonema ardens,diatoms,35,2.32
472,Kaeriyama et al. (2011),Skeletonema,ardens,Skeletonema ardens,diatoms,15,0.544
472,Kaeriyama et al. (2011),Skeletonema,ardens,Skeletonema ardens,diatoms,20,1.26
472,Kaeriyama et al. (2011),Skeletonema,ardens,Skeletonema ardens,diatoms,25,1.286
472,Kaeriyama et al. (2011),Skeletonema,ardens,Skeletonema ardens,diatoms,30,1.452
473,Kaeriyama et al. (2011),Skeletonema,ardens,Skeletonema ardens,diatoms,15,0.4
473,Kaeriyama et al. (2011),Skeletonema,ardens,Skeletonema ardens,diatoms,20,1.407
473,Kaeriyama et al. (2011),Skeletonema,ardens,Skeletonema ardens,diatoms,25,1.452
473,Kaeriyama et al. (2011),Skeletonema,ardens,Skeletonema ardens,diatoms,30,1.542
473,Kaeriyama et al. (2011),Skeletonema,ardens,Skeletonema ardens,diatoms,35,2.258
474,Kaeriyama et al. (2011),Skeletonema,ardens,Skeletonema ardens,diatoms,15,0.793
474,Kaeriyama et al. (2011),Skeletonema,ardens,Skeletonema ardens,diatoms,20,1.375
474,Kaeriyama et al. (2011),Skeletonema,ardens,Skeletonema ardens,diatoms,25,1.414
474,Kaeriyama et al. (2011),Skeletonema,ardens,Skeletonema ardens,diatoms,30,1.842
474,Kaeriyama et al. (2011),Skeletonema,ardens,Skeletonema ardens,diatoms,35,2.245
475,Kaeriyama et al. (2011),Skeletonema,ardens,Skeletonema ardens,diatoms,15,0.768
475,Kaeriyama et al. (2011),Skeletonema,ardens,Skeletonema ardens,diatoms,20,1.305
475,Kaeriyama et al. (2011),Skeletonema,ardens,Skeletonema ardens,diatoms,25,1.465
475,Kaeriyama et al. (2011),Skeletonema,ardens,Skeletonema ardens,diatoms,30,1.887
475,Kaeriyama et al. (2011),Skeletonema,ardens,Skeletonema ardens,diatoms,35,2.22
476,Navarro et al. (2006),Alexandrium,catenella,Alexandrium catenella,dinoflagellates,16,0.069314718
476,Navarro et al. (2006),Alexandrium,catenella,Alexandrium catenella,dinoflagellates,12,0.07624619
476,Navarro et al. (2006),Alexandrium,catenella,Alexandrium catenella,dinoflagellates,10,0.124766493
476,Navarro et al. (2006),Alexandrium,catenella,Alexandrium catenella,dinoflagellates,14,0.207944154
477,Krabs et al. (2011),Phaeodactylum,tricornutum,Phaeodactylum tricornutum,diatoms,12,0.173286795
477,Krabs et al. (2011),Phaeodactylum,tricornutum,Phaeodactylum tricornutum,diatoms,24,0.360436534
477,Krabs et al. (2011),Phaeodactylum,tricornutum,Phaeodactylum tricornutum,diatoms,12,0.443614196
477,Krabs et al. (2011),Phaeodactylum,tricornutum,Phaeodactylum tricornutum,diatoms,12,0.492134498
477,Krabs et al. (2011),Phaeodactylum,tricornutum,Phaeodactylum tricornutum,diatoms,18,0.512928914
477,Krabs et al. (2011),Phaeodactylum,tricornutum,Phaeodactylum tricornutum,diatoms,24,0.526791857
477,Krabs et al. (2011),Phaeodactylum,tricornutum,Phaeodactylum tricornutum,diatoms,12,0.596106575
477,Krabs et al. (2011),Phaeodactylum,tricornutum,Phaeodactylum tricornutum,diatoms,18,0.616900991
477,Krabs et al. (2011),Phaeodactylum,tricornutum,Phaeodactylum tricornutum,diatoms,12,0.672352765
477,Krabs et al. (2011),Phaeodactylum,tricornutum,Phaeodactylum tricornutum,diatoms,18,0.672352765
477,Krabs et al. (2011),Phaeodactylum,tricornutum,Phaeodactylum tricornutum,diatoms,18,0.755530427
477,Krabs et al. (2011),Phaeodactylum,tricornutum,Phaeodactylum tricornutum,diatoms,24,0.790187786
477,Krabs et al. (2011),Phaeodactylum,tricornutum,Phaeodactylum tricornutum,diatoms,24,0.797119258
477,Krabs et al. (2011),Phaeodactylum,tricornutum,Phaeodactylum tricornutum,diatoms,24,0.956543109
542,Boyd et al. (2013),Thalassiosira,rotula,Thalassiosira rotula,diatoms,4,0.182383202
542,Boyd et al. (2013),Thalassiosira,rotula,Thalassiosira rotula,diatoms,4,0.298730176
542,Boyd et al. (2013),Thalassiosira,rotula,Thalassiosira rotula,diatoms,4,0.303271905
542,Boyd et al. (2013),Thalassiosira,rotula,Thalassiosira rotula,diatoms,10,0.535413831
542,Boyd et al. (2013),Thalassiosira,rotula,Thalassiosira rotula,diatoms,10,0.550067681
542,Boyd et al. (2013),Thalassiosira,rotula,Thalassiosira rotula,diatoms,10,0.570736885
542,Boyd et al. (2013),Thalassiosira,rotula,Thalassiosira rotula,diatoms,25,0.580934583
542,Boyd et al. (2013),Thalassiosira,rotula,Thalassiosira rotula,diatoms,25,0.624682278
542,Boyd et al. (2013),Thalassiosira,rotula,Thalassiosira rotula,diatoms,25,0.627638573
542,Boyd et al. (2013),Thalassiosira,rotula,Thalassiosira rotula,diatoms,17.5,0.716685301
542,Boyd et al. (2013),Thalassiosira,rotula,Thalassiosira rotula,diatoms,17.5,0.79663938
542,Boyd et al. (2013),Thalassiosira,rotula,Thalassiosira rotula,diatoms,17.5,0.816458097
543,Boyd et al. (2013),Thalassiosira,rotula,Thalassiosira rotula,diatoms,10,0.306403509
543,Boyd et al. (2013),Thalassiosira,rotula,Thalassiosira rotula,diatoms,10,0.317301044
543,Boyd et al. (2013),Thalassiosira,rotula,Thalassiosira rotula,diatoms,10,0.336000703
543,Boyd et al. (2013),Thalassiosira,rotula,Thalassiosira rotula,diatoms,17.5,0.561528749
543,Boyd et al. (2013),Thalassiosira,rotula,Thalassiosira rotula,diatoms,25,0.624437565
543,Boyd et al. (2013),Thalassiosira,rotula,Thalassiosira rotula,diatoms,25,0.679040055
543,Boyd et al. (2013),Thalassiosira,rotula,Thalassiosira rotula,diatoms,17.5,0.729820434
543,Boyd et al. (2013),Thalassiosira,rotula,Thalassiosira rotula,diatoms,17.5,0.761401997
544,Boyd et al. (2013),Thalassiosira,rotula,Thalassiosira rotula,diatoms,4,0.156432944
544,Boyd et al. (2013),Thalassiosira,rotula,Thalassiosira rotula,diatoms,4,0.188958888
544,Boyd et al. (2013),Thalassiosira,rotula,Thalassiosira rotula,diatoms,4,0.231352922
544,Boyd et al. (2013),Thalassiosira,rotula,Thalassiosira rotula,diatoms,10,0.567585769
544,Boyd et al. (2013),Thalassiosira,rotula,Thalassiosira rotula,diatoms,10,0.597403167
544,Boyd et al. (2013),Thalassiosira,rotula,Thalassiosira rotula,diatoms,25,0.611243789
544,Boyd et al. (2013),Thalassiosira,rotula,Thalassiosira rotula,diatoms,10,0.625275724
544,Boyd et al. (2013),Thalassiosira,rotula,Thalassiosira rotula,diatoms,25,0.66564575
544,Boyd et al. (2013),Thalassiosira,rotula,Thalassiosira rotula,diatoms,25,0.684036095
544,Boyd et al. (2013),Thalassiosira,rotula,Thalassiosira rotula,diatoms,17.5,0.744403591
544,Boyd et al. (2013),Thalassiosira,rotula,Thalassiosira rotula,diatoms,17.5,0.826024476
544,Boyd et al. (2013),Thalassiosira,rotula,Thalassiosira rotula,diatoms,17.5,0.833756499
545,Boyd et al. (2013),Thalassiosira,rotula,Thalassiosira rotula,diatoms,4,0.28226223
545,Boyd et al. (2013),Thalassiosira,rotula,Thalassiosira rotula,diatoms,4,0.316162583
545,Boyd et al. (2013),Thalassiosira,rotula,Thalassiosira rotula,diatoms,4,0.330342237
545,Boyd et al. (2013),Thalassiosira,rotula,Thalassiosira rotula,diatoms,10,0.435175058
545,Boyd et al. (2013),Thalassiosira,rotula,Thalassiosira rotula,diatoms,25,0.570466811
545,Boyd et al. (2013),Thalassiosira,rotula,Thalassiosira rotula,diatoms,10,0.585043863
545,Boyd et al. (2013),Thalassiosira,rotula,Thalassiosira rotula,diatoms,17.5,0.588076837
545,Boyd et al. (2013),Thalassiosira,rotula,Thalassiosira rotula,diatoms,25,0.5983345
545,Boyd et al. (2013),Thalassiosira,rotula,Thalassiosira rotula,diatoms,25,0.601469676
545,Boyd et al. (2013),Thalassiosira,rotula,Thalassiosira rotula,diatoms,10,0.668409383
545,Boyd et al. (2013),Thalassiosira,rotula,Thalassiosira rotula,diatoms,17.5,0.740350772
545,Boyd et al. (2013),Thalassiosira,rotula,Thalassiosira rotula,diatoms,17.5,0.787331256
546,Boyd et al. (2013),Thalassiosira,rotula,Thalassiosira rotula,diatoms,4,0.294840128
546,Boyd et al. (2013),Thalassiosira,rotula,Thalassiosira rotula,diatoms,4,0.359828074
546,Boyd et al. (2013),Thalassiosira,rotula,Thalassiosira rotula,diatoms,4,0.381146139
546,Boyd et al. (2013),Thalassiosira,rotula,Thalassiosira rotula,diatoms,10,0.449260312
546,Boyd et al. (2013),Thalassiosira,rotula,Thalassiosira rotula,diatoms,25,0.469013706
546,Boyd et al. (2013),Thalassiosira,rotula,Thalassiosira rotula,diatoms,25,0.553465824
546,Boyd et al. (2013),Thalassiosira,rotula,Thalassiosira rotula,diatoms,17.5,0.558904381
546,Boyd et al. (2013),Thalassiosira,rotula,Thalassiosira rotula,diatoms,10,0.55964185
546,Boyd et al. (2013),Thalassiosira,rotula,Thalassiosira rotula,diatoms,17.5,0.573632046
546,Boyd et al. (2013),Thalassiosira,rotula,Thalassiosira rotula,diatoms,25,0.5983345
546,Boyd et al. (2013),Thalassiosira,rotula,Thalassiosira rotula,diatoms,10,0.710557791
546,Boyd et al. (2013),Thalassiosira,rotula,Thalassiosira rotula,diatoms,17.5,0.808604185
548,Boyd et al. (2013),Thalassiosira,pseudonana,Thalassiosira pseudonana,diatoms,30,0.08509638
548,Boyd et al. (2013),Thalassiosira,pseudonana,Thalassiosira pseudonana,diatoms,30,0.100404078
548,Boyd et al. (2013),Thalassiosira,pseudonana,Thalassiosira pseudonana,diatoms,30,0.145743929
548,Boyd et al. (2013),Thalassiosira,pseudonana,Thalassiosira pseudonana,diatoms,30,0.268828035
548,Boyd et al. (2013),Thalassiosira,pseudonana,Thalassiosira pseudonana,diatoms,10,0.278786571
548,Boyd et al. (2013),Thalassiosira,pseudonana,Thalassiosira pseudonana,diatoms,10,0.344388021
548,Boyd et al. (2013),Thalassiosira,pseudonana,Thalassiosira pseudonana,diatoms,10,0.362031491
548,Boyd et al. (2013),Thalassiosira,pseudonana,Thalassiosira pseudonana,diatoms,10,0.437372166
548,Boyd et al. (2013),Thalassiosira,pseudonana,Thalassiosira pseudonana,diatoms,10,0.474433896
548,Boyd et al. (2013),Thalassiosira,pseudonana,Thalassiosira pseudonana,diatoms,15,0.551727894
548,Boyd et al. (2013),Thalassiosira,pseudonana,Thalassiosira pseudonana,diatoms,15,0.610105544
548,Boyd et al. (2013),Thalassiosira,pseudonana,Thalassiosira pseudonana,diatoms,15,0.619220359
548,Boyd et al. (2013),Thalassiosira,pseudonana,Thalassiosira pseudonana,diatoms,15,0.6465552
548,Boyd et al. (2013),Thalassiosira,pseudonana,Thalassiosira pseudonana,diatoms,15,0.67653159
548,Boyd et al. (2013),Thalassiosira,pseudonana,Thalassiosira pseudonana,diatoms,15,0.690056086
548,Boyd et al. (2013),Thalassiosira,pseudonana,Thalassiosira pseudonana,diatoms,20,0.848381551
548,Boyd et al. (2013),Thalassiosira,pseudonana,Thalassiosira pseudonana,diatoms,20,0.920292365
548,Boyd et al. (2013),Thalassiosira,pseudonana,Thalassiosira pseudonana,diatoms,20,0.934758914
548,Boyd et al. (2013),Thalassiosira,pseudonana,Thalassiosira pseudonana,diatoms,20,0.953262774
548,Boyd et al. (2013),Thalassiosira,pseudonana,Thalassiosira pseudonana,diatoms,25,0.957318276
548,Boyd et al. (2013),Thalassiosira,pseudonana,Thalassiosira pseudonana,diatoms,20,0.964441397
548,Boyd et al. (2013),Thalassiosira,pseudonana,Thalassiosira pseudonana,diatoms,25,0.979385851
548,Boyd et al. (2013),Thalassiosira,pseudonana,Thalassiosira pseudonana,diatoms,20,1.00851539
548,Boyd et al. (2013),Thalassiosira,pseudonana,Thalassiosira pseudonana,diatoms,25,1.035464393
548,Boyd et al. (2013),Thalassiosira,pseudonana,Thalassiosira pseudonana,diatoms,25,1.199205936
548,Boyd et al. (2013),Thalassiosira,pseudonana,Thalassiosira pseudonana,diatoms,25,1.228166794
548,Boyd et al. (2013),Thalassiosira,pseudonana,Thalassiosira pseudonana,diatoms,25,1.35239571
549,Boyd et al. (2013),Thalassiosira,pseudonana,Thalassiosira pseudonana,diatoms,10,0.066689297
549,Boyd et al. (2013),Thalassiosira,pseudonana,Thalassiosira pseudonana,diatoms,30,0.124646183
549,Boyd et al. (2013),Thalassiosira,pseudonana,Thalassiosira pseudonana,diatoms,30,0.218223028
549,Boyd et al. (2013),Thalassiosira,pseudonana,Thalassiosira pseudonana,diatoms,10,0.228629389
549,Boyd et al. (2013),Thalassiosira,pseudonana,Thalassiosira pseudonana,diatoms,30,0.283274185
549,Boyd et al. (2013),Thalassiosira,pseudonana,Thalassiosira pseudonana,diatoms,30,0.291913428
549,Boyd et al. (2013),Thalassiosira,pseudonana,Thalassiosira pseudonana,diatoms,30,0.327177697
549,Boyd et al. (2013),Thalassiosira,pseudonana,Thalassiosira pseudonana,diatoms,10,0.381050384
549,Boyd et al. (2013),Thalassiosira,pseudonana,Thalassiosira pseudonana,diatoms,10,0.393712675
549,Boyd et al. (2013),Thalassiosira,pseudonana,Thalassiosira pseudonana,diatoms,10,0.399264766
549,Boyd et al. (2013),Thalassiosira,pseudonana,Thalassiosira pseudonana,diatoms,10,0.402811648
549,Boyd et al. (2013),Thalassiosira,pseudonana,Thalassiosira pseudonana,diatoms,30,0.440260857
549,Boyd et al. (2013),Thalassiosira,pseudonana,Thalassiosira pseudonana,diatoms,15,0.458018052
549,Boyd et al. (2013),Thalassiosira,pseudonana,Thalassiosira pseudonana,diatoms,15,0.601965655
549,Boyd et al. (2013),Thalassiosira,pseudonana,Thalassiosira pseudonana,diatoms,15,0.636897801
549,Boyd et al. (2013),Thalassiosira,pseudonana,Thalassiosira pseudonana,diatoms,15,0.692829937
549,Boyd et al. (2013),Thalassiosira,pseudonana,Thalassiosira pseudonana,diatoms,15,0.708691695
549,Boyd et al. (2013),Thalassiosira,pseudonana,Thalassiosira pseudonana,diatoms,15,0.785865047
549,Boyd et al. (2013),Thalassiosira,pseudonana,Thalassiosira pseudonana,diatoms,25,1.084384335
549,Boyd et al. (2013),Thalassiosira,pseudonana,Thalassiosira pseudonana,diatoms,20,1.12121252
549,Boyd et al. (2013),Thalassiosira,pseudonana,Thalassiosira pseudonana,diatoms,25,1.131469702
549,Boyd et al. (2013),Thalassiosira,pseudonana,Thalassiosira pseudonana,diatoms,20,1.140477428
549,Boyd et al. (2013),Thalassiosira,pseudonana,Thalassiosira pseudonana,diatoms,20,1.142381488
549,Boyd et al. (2013),Thalassiosira,pseudonana,Thalassiosira pseudonana,diatoms,20,1.143174191
549,Boyd et al. (2013),Thalassiosira,pseudonana,Thalassiosira pseudonana,diatoms,20,1.151485837
549,Boyd et al. (2013),Thalassiosira,pseudonana,Thalassiosira pseudonana,diatoms,20,1.155629037
549,Boyd et al. (2013),Thalassiosira,pseudonana,Thalassiosira pseudonana,diatoms,25,1.276361133
549,Boyd et al. (2013),Thalassiosira,pseudonana,Thalassiosira pseudonana,diatoms,25,1.341340563
549,Boyd et al. (2013),Thalassiosira,pseudonana,Thalassiosira pseudonana,diatoms,25,1.484783954
549,Boyd et al. (2013),Thalassiosira,pseudonana,Thalassiosira pseudonana,diatoms,25,1.514973718
550,Boyd et al. (2013),Thalassiosira,pseudonana,Thalassiosira pseudonana,diatoms,10,0.034123355
550,Boyd et al. (2013),Thalassiosira,pseudonana,Thalassiosira pseudonana,diatoms,32.5,0.101690631
550,Boyd et al. (2013),Thalassiosira,pseudonana,Thalassiosira pseudonana,diatoms,10,0.196889813
550,Boyd et al. (2013),Thalassiosira,pseudonana,Thalassiosira pseudonana,diatoms,32.5,0.228211736
550,Boyd et al. (2013),Thalassiosira,pseudonana,Thalassiosira pseudonana,diatoms,10,0.236442438
550,Boyd et al. (2013),Thalassiosira,pseudonana,Thalassiosira pseudonana,diatoms,32.5,0.264163784
550,Boyd et al. (2013),Thalassiosira,pseudonana,Thalassiosira pseudonana,diatoms,10,0.347868531
550,Boyd et al. (2013),Thalassiosira,pseudonana,Thalassiosira pseudonana,diatoms,32.5,0.380993934
550,Boyd et al. (2013),Thalassiosira,pseudonana,Thalassiosira pseudonana,diatoms,10,0.382965142
550,Boyd et al. (2013),Thalassiosira,pseudonana,Thalassiosira pseudonana,diatoms,32.5,0.395872115
550,Boyd et al. (2013),Thalassiosira,pseudonana,Thalassiosira pseudonana,diatoms,10,0.402300728
550,Boyd et al. (2013),Thalassiosira,pseudonana,Thalassiosira pseudonana,diatoms,15,0.469988122
550,Boyd et al. (2013),Thalassiosira,pseudonana,Thalassiosira pseudonana,diatoms,15,0.609754482
550,Boyd et al. (2013),Thalassiosira,pseudonana,Thalassiosira pseudonana,diatoms,15,0.613385061
550,Boyd et al. (2013),Thalassiosira,pseudonana,Thalassiosira pseudonana,diatoms,32.5,0.640852267
550,Boyd et al. (2013),Thalassiosira,pseudonana,Thalassiosira pseudonana,diatoms,15,0.651833385
550,Boyd et al. (2013),Thalassiosira,pseudonana,Thalassiosira pseudonana,diatoms,15,0.834786504
550,Boyd et al. (2013),Thalassiosira,pseudonana,Thalassiosira pseudonana,diatoms,15,0.873696344
550,Boyd et al. (2013),Thalassiosira,pseudonana,Thalassiosira pseudonana,diatoms,20,1.014038069
550,Boyd et al. (2013),Thalassiosira,pseudonana,Thalassiosira pseudonana,diatoms,20,1.040907146
550,Boyd et al. (2013),Thalassiosira,pseudonana,Thalassiosira pseudonana,diatoms,20,1.045275099
550,Boyd et al. (2013),Thalassiosira,pseudonana,Thalassiosira pseudonana,diatoms,20,1.072992152
550,Boyd et al. (2013),Thalassiosira,pseudonana,Thalassiosira pseudonana,diatoms,20,1.076351185
550,Boyd et al. (2013),Thalassiosira,pseudonana,Thalassiosira pseudonana,diatoms,20,1.120324474
550,Boyd et al. (2013),Thalassiosira,pseudonana,Thalassiosira pseudonana,diatoms,30,1.164481857
550,Boyd et al. (2013),Thalassiosira,pseudonana,Thalassiosira pseudonana,diatoms,30,1.174714685
550,Boyd et al. (2013),Thalassiosira,pseudonana,Thalassiosira pseudonana,diatoms,25,1.176700694
550,Boyd et al. (2013),Thalassiosira,pseudonana,Thalassiosira pseudonana,diatoms,30,1.17676551
550,Boyd et al. (2013),Thalassiosira,pseudonana,Thalassiosira pseudonana,diatoms,30,1.253009346
550,Boyd et al. (2013),Thalassiosira,pseudonana,Thalassiosira pseudonana,diatoms,30,1.265768879
550,Boyd et al. (2013),Thalassiosira,pseudonana,Thalassiosira pseudonana,diatoms,30,1.310131434
550,Boyd et al. (2013),Thalassiosira,pseudonana,Thalassiosira pseudonana,diatoms,25,1.321225577
550,Boyd et al. (2013),Thalassiosira,pseudonana,Thalassiosira pseudonana,diatoms,25,1.34495438
550,Boyd et al. (2013),Thalassiosira,pseudonana,Thalassiosira pseudonana,diatoms,25,1.428392994
550,Boyd et al. (2013),Thalassiosira,pseudonana,Thalassiosira pseudonana,diatoms,25,1.455720997
550,Boyd et al. (2013),Thalassiosira,pseudonana,Thalassiosira pseudonana,diatoms,25,1.473152574
551,Boyd et al. (2013),Thalassiosira,pseudonana,Thalassiosira pseudonana,diatoms,32.5,0.129251437
551,Boyd et al. (2013),Thalassiosira,pseudonana,Thalassiosira pseudonana,diatoms,32.5,0.269645038
551,Boyd et al. (2013),Thalassiosira,pseudonana,Thalassiosira pseudonana,diatoms,32.5,0.360803777
551,Boyd et al. (2013),Thalassiosira,pseudonana,Thalassiosira pseudonana,diatoms,10,0.418421998
551,Boyd et al. (2013),Thalassiosira,pseudonana,Thalassiosira pseudonana,diatoms,15,0.463260233
551,Boyd et al. (2013),Thalassiosira,pseudonana,Thalassiosira pseudonana,diatoms,32.5,0.464409087
551,Boyd et al. (2013),Thalassiosira,pseudonana,Thalassiosira pseudonana,diatoms,32.5,0.496399831
551,Boyd et al. (2013),Thalassiosira,pseudonana,Thalassiosira pseudonana,diatoms,10,0.503041638
551,Boyd et al. (2013),Thalassiosira,pseudonana,Thalassiosira pseudonana,diatoms,15,0.531668883
551,Boyd et al. (2013),Thalassiosira,pseudonana,Thalassiosira pseudonana,diatoms,10,0.55921805
551,Boyd et al. (2013),Thalassiosira,pseudonana,Thalassiosira pseudonana,diatoms,10,0.564313581
551,Boyd et al. (2013),Thalassiosira,pseudonana,Thalassiosira pseudonana,diatoms,10,0.583251804
551,Boyd et al. (2013),Thalassiosira,pseudonana,Thalassiosira pseudonana,diatoms,15,0.644140783
551,Boyd et al. (2013),Thalassiosira,pseudonana,Thalassiosira pseudonana,diatoms,15,0.687342672
551,Boyd et al. (2013),Thalassiosira,pseudonana,Thalassiosira pseudonana,diatoms,15,0.750179007
551,Boyd et al. (2013),Thalassiosira,pseudonana,Thalassiosira pseudonana,diatoms,15,0.764552333
551,Boyd et al. (2013),Thalassiosira,pseudonana,Thalassiosira pseudonana,diatoms,20,1.090603796
551,Boyd et al. (2013),Thalassiosira,pseudonana,Thalassiosira pseudonana,diatoms,20,1.097020668
551,Boyd et al. (2013),Thalassiosira,pseudonana,Thalassiosira pseudonana,diatoms,20,1.123517294
551,Boyd et al. (2013),Thalassiosira,pseudonana,Thalassiosira pseudonana,diatoms,20,1.135855979
551,Boyd et al. (2013),Thalassiosira,pseudonana,Thalassiosira pseudonana,diatoms,20,1.141789745
551,Boyd et al. (2013),Thalassiosira,pseudonana,Thalassiosira pseudonana,diatoms,20,1.187400534
551,Boyd et al. (2013),Thalassiosira,pseudonana,Thalassiosira pseudonana,diatoms,30,1.232339669
551,Boyd et al. (2013),Thalassiosira,pseudonana,Thalassiosira pseudonana,diatoms,30,1.27204321
551,Boyd et al. (2013),Thalassiosira,pseudonana,Thalassiosira pseudonana,diatoms,30,1.280351349
551,Boyd et al. (2013),Thalassiosira,pseudonana,Thalassiosira pseudonana,diatoms,25,1.299471017
551,Boyd et al. (2013),Thalassiosira,pseudonana,Thalassiosira pseudonana,diatoms,25,1.354275337
551,Boyd et al. (2013),Thalassiosira,pseudonana,Thalassiosira pseudonana,diatoms,30,1.357282389
551,Boyd et al. (2013),Thalassiosira,pseudonana,Thalassiosira pseudonana,diatoms,25,1.36053481
551,Boyd et al. (2013),Thalassiosira,pseudonana,Thalassiosira pseudonana,diatoms,30,1.405479642
551,Boyd et al. (2013),Thalassiosira,pseudonana,Thalassiosira pseudonana,diatoms,30,1.410051118
551,Boyd et al. (2013),Thalassiosira,pseudonana,Thalassiosira pseudonana,diatoms,25,1.452147814
552,Boyd et al. (2013),Thalassiosira,pseudonana,Thalassiosira pseudonana,diatoms,32.5,0.418497375
552,Boyd et al. (2013),Thalassiosira,pseudonana,Thalassiosira pseudonana,diatoms,10,0.43881542
552,Boyd et al. (2013),Thalassiosira,pseudonana,Thalassiosira pseudonana,diatoms,10,0.474227836
552,Boyd et al. (2013),Thalassiosira,pseudonana,Thalassiosira pseudonana,diatoms,10,0.522097973
552,Boyd et al. (2013),Thalassiosira,pseudonana,Thalassiosira pseudonana,diatoms,15,0.531267448
552,Boyd et al. (2013),Thalassiosira,pseudonana,Thalassiosira pseudonana,diatoms,10,0.575550473
552,Boyd et al. (2013),Thalassiosira,pseudonana,Thalassiosira pseudonana,diatoms,32.5,0.576054286
552,Boyd et al. (2013),Thalassiosira,pseudonana,Thalassiosira pseudonana,diatoms,32.5,0.609719256
552,Boyd et al. (2013),Thalassiosira,pseudonana,Thalassiosira pseudonana,diatoms,10,0.617178273
552,Boyd et al. (2013),Thalassiosira,pseudonana,Thalassiosira pseudonana,diatoms,32.5,0.620415716
552,Boyd et al. (2013),Thalassiosira,pseudonana,Thalassiosira pseudonana,diatoms,10,0.623323706
552,Boyd et al. (2013),Thalassiosira,pseudonana,Thalassiosira pseudonana,diatoms,15,0.657454498
552,Boyd et al. (2013),Thalassiosira,pseudonana,Thalassiosira pseudonana,diatoms,15,0.728664088
552,Boyd et al. (2013),Thalassiosira,pseudonana,Thalassiosira pseudonana,diatoms,15,0.730451447
552,Boyd et al. (2013),Thalassiosira,pseudonana,Thalassiosira pseudonana,diatoms,15,0.77190319
552,Boyd et al. (2013),Thalassiosira,pseudonana,Thalassiosira pseudonana,diatoms,15,0.858344743
552,Boyd et al. (2013),Thalassiosira,pseudonana,Thalassiosira pseudonana,diatoms,20,1.075559369
552,Boyd et al. (2013),Thalassiosira,pseudonana,Thalassiosira pseudonana,diatoms,30,1.102275109
552,Boyd et al. (2013),Thalassiosira,pseudonana,Thalassiosira pseudonana,diatoms,20,1.10796384
552,Boyd et al. (2013),Thalassiosira,pseudonana,Thalassiosira pseudonana,diatoms,20,1.127781566
552,Boyd et al. (2013),Thalassiosira,pseudonana,Thalassiosira pseudonana,diatoms,20,1.137755056
552,Boyd et al. (2013),Thalassiosira,pseudonana,Thalassiosira pseudonana,diatoms,20,1.142238981
552,Boyd et al. (2013),Thalassiosira,pseudonana,Thalassiosira pseudonana,diatoms,20,1.188255939
552,Boyd et al. (2013),Thalassiosira,pseudonana,Thalassiosira pseudonana,diatoms,30,1.241704402
552,Boyd et al. (2013),Thalassiosira,pseudonana,Thalassiosira pseudonana,diatoms,30,1.286200754
552,Boyd et al. (2013),Thalassiosira,pseudonana,Thalassiosira pseudonana,diatoms,25,1.298038147
552,Boyd et al. (2013),Thalassiosira,pseudonana,Thalassiosira pseudonana,diatoms,25,1.325459022
552,Boyd et al. (2013),Thalassiosira,pseudonana,Thalassiosira pseudonana,diatoms,25,1.374708767
552,Boyd et al. (2013),Thalassiosira,pseudonana,Thalassiosira pseudonana,diatoms,30,1.377404358
552,Boyd et al. (2013),Thalassiosira,pseudonana,Thalassiosira pseudonana,diatoms,25,1.40253543
552,Boyd et al. (2013),Thalassiosira,pseudonana,Thalassiosira pseudonana,diatoms,25,1.470501567
552,Boyd et al. (2013),Thalassiosira,pseudonana,Thalassiosira pseudonana,diatoms,30,1.528240011
552,Boyd et al. (2013),Thalassiosira,pseudonana,Thalassiosira pseudonana,diatoms,30,1.549659464
553,Boyd et al. (2013),Conticribra,weissflogii,Conticribra weissflogii,diatoms,10,0.21
553,Boyd et al. (2013),Conticribra,weissflogii,Conticribra weissflogii,diatoms,10,0.22
553,Boyd et al. (2013),Conticribra,weissflogii,Conticribra weissflogii,diatoms,25,0.25
553,Boyd et al. (2013),Conticribra,weissflogii,Conticribra weissflogii,diatoms,15,0.54
553,Boyd et al. (2013),Conticribra,weissflogii,Conticribra weissflogii,diatoms,15,0.55
553,Boyd et al. (2013),Conticribra,weissflogii,Conticribra weissflogii,diatoms,15,0.56
553,Boyd et al. (2013),Conticribra,weissflogii,Conticribra weissflogii,diatoms,20,0.64
553,Boyd et al. (2013),Conticribra,weissflogii,Conticribra weissflogii,diatoms,20,0.67
553,Boyd et al. (2013),Conticribra,weissflogii,Conticribra weissflogii,diatoms,20,0.7
554,Boyd et al. (2013),Akashiwo,sanguinea,Akashiwo sanguinea,dinoflagellates,30,0.188096758
554,Boyd et al. (2013),Akashiwo,sanguinea,Akashiwo sanguinea,dinoflagellates,30,0.188942881
554,Boyd et al. (2013),Akashiwo,sanguinea,Akashiwo sanguinea,dinoflagellates,30,0.216239536
554,Boyd et al. (2013),Akashiwo,sanguinea,Akashiwo sanguinea,dinoflagellates,30,0.218777904
554,Boyd et al. (2013),Akashiwo,sanguinea,Akashiwo sanguinea,dinoflagellates,15,0.224148944
554,Boyd et al. (2013),Akashiwo,sanguinea,Akashiwo sanguinea,dinoflagellates,15,0.227128767
554,Boyd et al. (2013),Akashiwo,sanguinea,Akashiwo sanguinea,dinoflagellates,15,0.230071803
554,Boyd et al. (2013),Akashiwo,sanguinea,Akashiwo sanguinea,dinoflagellates,15,0.234854235
554,Boyd et al. (2013),Akashiwo,sanguinea,Akashiwo sanguinea,dinoflagellates,30,0.261856586
554,Boyd et al. (2013),Akashiwo,sanguinea,Akashiwo sanguinea,dinoflagellates,15,0.289300393
554,Boyd et al. (2013),Akashiwo,sanguinea,Akashiwo sanguinea,dinoflagellates,20,0.312108918
554,Boyd et al. (2013),Akashiwo,sanguinea,Akashiwo sanguinea,dinoflagellates,20,0.316928139
554,Boyd et al. (2013),Akashiwo,sanguinea,Akashiwo sanguinea,dinoflagellates,20,0.325941185
554,Boyd et al. (2013),Akashiwo,sanguinea,Akashiwo sanguinea,dinoflagellates,25,0.326345852
554,Boyd et al. (2013),Akashiwo,sanguinea,Akashiwo sanguinea,dinoflagellates,20,0.334586352
554,Boyd et al. (2013),Akashiwo,sanguinea,Akashiwo sanguinea,dinoflagellates,25,0.351876685
554,Boyd et al. (2013),Akashiwo,sanguinea,Akashiwo sanguinea,dinoflagellates,25,0.357836332
554,Boyd et al. (2013),Akashiwo,sanguinea,Akashiwo sanguinea,dinoflagellates,25,0.358130636
554,Boyd et al. (2013),Akashiwo,sanguinea,Akashiwo sanguinea,dinoflagellates,20,0.371889327
554,Boyd et al. (2013),Akashiwo,sanguinea,Akashiwo sanguinea,dinoflagellates,25,0.381123101
555,Boyd et al. (2013),Akashiwo,sanguinea,Akashiwo sanguinea,dinoflagellates,33,0.154766881
555,Boyd et al. (2013),Akashiwo,sanguinea,Akashiwo sanguinea,dinoflagellates,33,0.169482059
555,Boyd et al. (2013),Akashiwo,sanguinea,Akashiwo sanguinea,dinoflagellates,33,0.190377611
555,Boyd et al. (2013),Akashiwo,sanguinea,Akashiwo sanguinea,dinoflagellates,33,0.224663975
555,Boyd et al. (2013),Akashiwo,sanguinea,Akashiwo sanguinea,dinoflagellates,15,0.232242291
555,Boyd et al. (2013),Akashiwo,sanguinea,Akashiwo sanguinea,dinoflagellates,33,0.233014838
555,Boyd et al. (2013),Akashiwo,sanguinea,Akashiwo sanguinea,dinoflagellates,30,0.262481981
555,Boyd et al. (2013),Akashiwo,sanguinea,Akashiwo sanguinea,dinoflagellates,30,0.278043282
555,Boyd et al. (2013),Akashiwo,sanguinea,Akashiwo sanguinea,dinoflagellates,15,0.279367648
555,Boyd et al. (2013),Akashiwo,sanguinea,Akashiwo sanguinea,dinoflagellates,30,0.28183244
555,Boyd et al. (2013),Akashiwo,sanguinea,Akashiwo sanguinea,dinoflagellates,15,0.287129904
555,Boyd et al. (2013),Akashiwo,sanguinea,Akashiwo sanguinea,dinoflagellates,15,0.290919062
555,Boyd et al. (2013),Akashiwo,sanguinea,Akashiwo sanguinea,dinoflagellates,15,0.308871579
555,Boyd et al. (2013),Akashiwo,sanguinea,Akashiwo sanguinea,dinoflagellates,20,0.309423398
555,Boyd et al. (2013),Akashiwo,sanguinea,Akashiwo sanguinea,dinoflagellates,30,0.31707529
555,Boyd et al. (2013),Akashiwo,sanguinea,Akashiwo sanguinea,dinoflagellates,20,0.33462314
555,Boyd et al. (2013),Akashiwo,sanguinea,Akashiwo sanguinea,dinoflagellates,20,0.347646072
555,Boyd et al. (2013),Akashiwo,sanguinea,Akashiwo sanguinea,dinoflagellates,30,0.359896457
555,Boyd et al. (2013),Akashiwo,sanguinea,Akashiwo sanguinea,dinoflagellates,20,0.362876281
555,Boyd et al. (2013),Akashiwo,sanguinea,Akashiwo sanguinea,dinoflagellates,20,0.363501676
555,Boyd et al. (2013),Akashiwo,sanguinea,Akashiwo sanguinea,dinoflagellates,25,0.411693883
555,Boyd et al. (2013),Akashiwo,sanguinea,Akashiwo sanguinea,dinoflagellates,25,0.437739747
555,Boyd et al. (2013),Akashiwo,sanguinea,Akashiwo sanguinea,dinoflagellates,25,0.460621848
555,Boyd et al. (2013),Akashiwo,sanguinea,Akashiwo sanguinea,dinoflagellates,25,0.477470727
555,Boyd et al. (2013),Akashiwo,sanguinea,Akashiwo sanguinea,dinoflagellates,25,0.516318796
556,Boyd et al. (2013),Akashiwo,sanguinea,Akashiwo sanguinea,dinoflagellates,33,0.062355565
556,Boyd et al. (2013),Akashiwo,sanguinea,Akashiwo sanguinea,dinoflagellates,33,0.066806907
556,Boyd et al. (2013),Akashiwo,sanguinea,Akashiwo sanguinea,dinoflagellates,33,0.073502312
556,Boyd et al. (2013),Akashiwo,sanguinea,Akashiwo sanguinea,dinoflagellates,33,0.074054132
556,Boyd et al. (2013),Akashiwo,sanguinea,Akashiwo sanguinea,dinoflagellates,33,0.130781141
556,Boyd et al. (2013),Akashiwo,sanguinea,Akashiwo sanguinea,dinoflagellates,15,0.145533107
556,Boyd et al. (2013),Akashiwo,sanguinea,Akashiwo sanguinea,dinoflagellates,30,0.147409292
556,Boyd et al. (2013),Akashiwo,sanguinea,Akashiwo sanguinea,dinoflagellates,15,0.180518442
556,Boyd et al. (2013),Akashiwo,sanguinea,Akashiwo sanguinea,dinoflagellates,30,0.193283858
556,Boyd et al. (2013),Akashiwo,sanguinea,Akashiwo sanguinea,dinoflagellates,15,0.195270407
556,Boyd et al. (2013),Akashiwo,sanguinea,Akashiwo sanguinea,dinoflagellates,30,0.206527518
556,Boyd et al. (2013),Akashiwo,sanguinea,Akashiwo sanguinea,dinoflagellates,15,0.211309951
556,Boyd et al. (2013),Akashiwo,sanguinea,Akashiwo sanguinea,dinoflagellates,30,0.21885148
556,Boyd et al. (2013),Akashiwo,sanguinea,Akashiwo sanguinea,dinoflagellates,15,0.234670296
556,Boyd et al. (2013),Akashiwo,sanguinea,Akashiwo sanguinea,dinoflagellates,30,0.254572573
556,Boyd et al. (2013),Akashiwo,sanguinea,Akashiwo sanguinea,dinoflagellates,20,0.287718511
556,Boyd et al. (2013),Akashiwo,sanguinea,Akashiwo sanguinea,dinoflagellates,20,0.324763971
556,Boyd et al. (2013),Akashiwo,sanguinea,Akashiwo sanguinea,dinoflagellates,20,0.330944345
556,Boyd et al. (2013),Akashiwo,sanguinea,Akashiwo sanguinea,dinoflagellates,25,0.333924169
556,Boyd et al. (2013),Akashiwo,sanguinea,Akashiwo sanguinea,dinoflagellates,25,0.336499325
556,Boyd et al. (2013),Akashiwo,sanguinea,Akashiwo sanguinea,dinoflagellates,20,0.337639751
556,Boyd et al. (2013),Akashiwo,sanguinea,Akashiwo sanguinea,dinoflagellates,25,0.342201456
556,Boyd et al. (2013),Akashiwo,sanguinea,Akashiwo sanguinea,dinoflagellates,25,0.347462132
556,Boyd et al. (2013),Akashiwo,sanguinea,Akashiwo sanguinea,dinoflagellates,20,0.355592268
556,Boyd et al. (2013),Akashiwo,sanguinea,Akashiwo sanguinea,dinoflagellates,25,0.355849783
557,Boyd et al. (2013),Akashiwo,sanguinea,Akashiwo sanguinea,dinoflagellates,33,0.064121387
557,Boyd et al. (2013),Akashiwo,sanguinea,Akashiwo sanguinea,dinoflagellates,33,0.065225025
557,Boyd et al. (2013),Akashiwo,sanguinea,Akashiwo sanguinea,dinoflagellates,33,0.08553197
557,Boyd et al. (2013),Akashiwo,sanguinea,Akashiwo sanguinea,dinoflagellates,33,0.108119768
557,Boyd et al. (2013),Akashiwo,sanguinea,Akashiwo sanguinea,dinoflagellates,33,0.129309624
557,Boyd et al. (2013),Akashiwo,sanguinea,Akashiwo sanguinea,dinoflagellates,15,0.268110537
557,Boyd et al. (2013),Akashiwo,sanguinea,Akashiwo sanguinea,dinoflagellates,15,0.273481577
557,Boyd et al. (2013),Akashiwo,sanguinea,Akashiwo sanguinea,dinoflagellates,20,0.275872793
557,Boyd et al. (2013),Akashiwo,sanguinea,Akashiwo sanguinea,dinoflagellates,30,0.283193594
557,Boyd et al. (2013),Akashiwo,sanguinea,Akashiwo sanguinea,dinoflagellates,15,0.28701954
557,Boyd et al. (2013),Akashiwo,sanguinea,Akashiwo sanguinea,dinoflagellates,15,0.287865663
557,Boyd et al. (2013),Akashiwo,sanguinea,Akashiwo sanguinea,dinoflagellates,15,0.290587971
557,Boyd et al. (2013),Akashiwo,sanguinea,Akashiwo sanguinea,dinoflagellates,20,0.291029426
557,Boyd et al. (2013),Akashiwo,sanguinea,Akashiwo sanguinea,dinoflagellates,30,0.291434093
557,Boyd et al. (2013),Akashiwo,sanguinea,Akashiwo sanguinea,dinoflagellates,30,0.294450705
557,Boyd et al. (2013),Akashiwo,sanguinea,Akashiwo sanguinea,dinoflagellates,20,0.303647691
557,Boyd et al. (2013),Akashiwo,sanguinea,Akashiwo sanguinea,dinoflagellates,20,0.336572901
557,Boyd et al. (2013),Akashiwo,sanguinea,Akashiwo sanguinea,dinoflagellates,20,0.346947101
557,Boyd et al. (2013),Akashiwo,sanguinea,Akashiwo sanguinea,dinoflagellates,30,0.368284109
557,Boyd et al. (2013),Akashiwo,sanguinea,Akashiwo sanguinea,dinoflagellates,25,0.379320492
557,Boyd et al. (2013),Akashiwo,sanguinea,Akashiwo sanguinea,dinoflagellates,25,0.381049525
557,Boyd et al. (2013),Akashiwo,sanguinea,Akashiwo sanguinea,dinoflagellates,30,0.406212479
557,Boyd et al. (2013),Akashiwo,sanguinea,Akashiwo sanguinea,dinoflagellates,25,0.417543166
557,Boyd et al. (2013),Akashiwo,sanguinea,Akashiwo sanguinea,dinoflagellates,25,0.421332324
557,Boyd et al. (2013),Akashiwo,sanguinea,Akashiwo sanguinea,dinoflagellates,25,0.421700203
558,Boyd et al. (2013),Proboscia,nd,nd,diatoms,6,0.23
558,Boyd et al. (2013),Proboscia,nd,nd,diatoms,6,0.44
558,Boyd et al. (2013),Proboscia,nd,nd,diatoms,6,0.32
558,Boyd et al. (2013),Proboscia,nd,nd,diatoms,1,0.25
558,Boyd et al. (2013),Proboscia,nd,nd,diatoms,2,0.29
558,Boyd et al. (2013),Proboscia,nd,nd,diatoms,6,0.27
558,Boyd et al. (2013),Proboscia,nd,nd,diatoms,2,0.26
558,Boyd et al. (2013),Proboscia,nd,nd,diatoms,2,0.34
558,Boyd et al. (2013),Proboscia,nd,nd,diatoms,6,0.16
558,Boyd et al. (2013),Proboscia,nd,nd,diatoms,1,0.27
558,Boyd et al. (2013),Proboscia,nd,nd,diatoms,1,0.29
558,Boyd et al. (2013),Proboscia,nd,nd,diatoms,6,0.28
558,Boyd et al. (2013),Proboscia,nd,nd,diatoms,3,0.25
558,Boyd et al. (2013),Proboscia,nd,nd,diatoms,4,0.34
558,Boyd et al. (2013),Proboscia,nd,nd,diatoms,4,0.31
558,Boyd et al. (2013),Proboscia,nd,nd,diatoms,4,0.3
558,Boyd et al. (2013),Proboscia,nd,nd,diatoms,4,0.32
558,Boyd et al. (2013),Proboscia,nd,nd,diatoms,4,0.39
558,Boyd et al. (2013),Proboscia,nd,nd,diatoms,4,0.22
558,Boyd et al. (2013),Proboscia,nd,nd,diatoms,5,0.35
558,Boyd et al. (2013),Proboscia,nd,nd,diatoms,5,0.33
558,Boyd et al. (2013),Proboscia,nd,nd,diatoms,5,0.37
558,Boyd et al. (2013),Proboscia,nd,nd,diatoms,5,0.31
558,Boyd et al. (2013),Proboscia,nd,nd,diatoms,5,0.38
558,Boyd et al. (2013),Proboscia,nd,nd,diatoms,5,0.26
558,Boyd et al. (2013),Proboscia,nd,nd,diatoms,1,0.24
558,Boyd et al. (2013),Proboscia,nd,nd,diatoms,7,0.02
558,Boyd et al. (2013),Proboscia,nd,nd,diatoms,7,0.06
558,Boyd et al. (2013),Proboscia,nd,nd,diatoms,7,0.1
558,Boyd et al. (2013),Proboscia,nd,nd,diatoms,7,0.19
558,Boyd et al. (2013),Proboscia,nd,nd,diatoms,3,0.36
558,Boyd et al. (2013),Proboscia,nd,nd,diatoms,1,0.28
558,Boyd et al. (2013),Proboscia,nd,nd,diatoms,2,0.24
558,Boyd et al. (2013),Proboscia,nd,nd,diatoms,3,0.3
558,Boyd et al. (2013),Proboscia,nd,nd,diatoms,3,0.29
564,Boyd et al. (2013),Prorocentrum,donghaiense,Prorocentrum donghaiense,dinoflagellates,15,0.214
564,Boyd et al. (2013),Prorocentrum,donghaiense,Prorocentrum donghaiense,dinoflagellates,15,0.218
564,Boyd et al. (2013),Prorocentrum,donghaiense,Prorocentrum donghaiense,dinoflagellates,20,0.451
564,Boyd et al. (2013),Prorocentrum,donghaiense,Prorocentrum donghaiense,dinoflagellates,20,0.452
564,Boyd et al. (2013),Prorocentrum,donghaiense,Prorocentrum donghaiense,dinoflagellates,23,0.465
564,Boyd et al. (2013),Prorocentrum,donghaiense,Prorocentrum donghaiense,dinoflagellates,23,0.469
564,Boyd et al. (2013),Prorocentrum,donghaiense,Prorocentrum donghaiense,dinoflagellates,23,0.472
564,Boyd et al. (2013),Prorocentrum,donghaiense,Prorocentrum donghaiense,dinoflagellates,30,0.619
564,Boyd et al. (2013),Prorocentrum,donghaiense,Prorocentrum donghaiense,dinoflagellates,30,0.624
564,Boyd et al. (2013),Prorocentrum,donghaiense,Prorocentrum donghaiense,dinoflagellates,30,0.625
564,Boyd et al. (2013),Prorocentrum,donghaiense,Prorocentrum donghaiense,dinoflagellates,25,0.629
564,Boyd et al. (2013),Prorocentrum,donghaiense,Prorocentrum donghaiense,dinoflagellates,25,0.63
564,Boyd et al. (2013),Prorocentrum,donghaiense,Prorocentrum donghaiense,dinoflagellates,25,0.631
565,Boyd et al. (2013),Synechococcus,nd,Synechococcus,cyanobacteria,15,0.107
565,Boyd et al. (2013),Synechococcus,nd,Synechococcus,cyanobacteria,15,0.115
565,Boyd et al. (2013),Synechococcus,nd,Synechococcus,cyanobacteria,20,0.398
565,Boyd et al. (2013),Synechococcus,nd,Synechococcus,cyanobacteria,20,0.404
565,Boyd et al. (2013),Synechococcus,nd,Synechococcus,cyanobacteria,20,0.418
565,Boyd et al. (2013),Synechococcus,nd,Synechococcus,cyanobacteria,23,0.46
565,Boyd et al. (2013),Synechococcus,nd,Synechococcus,cyanobacteria,23,0.463
565,Boyd et al. (2013),Synechococcus,nd,Synechococcus,cyanobacteria,23,0.471
565,Boyd et al. (2013),Synechococcus,nd,Synechococcus,cyanobacteria,25,0.486
565,Boyd et al. (2013),Synechococcus,nd,Synechococcus,cyanobacteria,25,0.491
565,Boyd et al. (2013),Synechococcus,nd,Synechococcus,cyanobacteria,25,0.493
565,Boyd et al. (2013),Synechococcus,nd,Synechococcus,cyanobacteria,35,0.7
565,Boyd et al. (2013),Synechococcus,nd,Synechococcus,cyanobacteria,30,0.704
565,Boyd et al. (2013),Synechococcus,nd,Synechococcus,cyanobacteria,35,0.723
565,Boyd et al. (2013),Synechococcus,nd,Synechococcus,cyanobacteria,30,0.734
565,Boyd et al. (2013),Synechococcus,nd,Synechococcus,cyanobacteria,30,0.775
622,Anderson and Rynearson (2020),Skeletonema,dohrnii,SdohA,diatoms,-1,0.220910263
622,Anderson and Rynearson (2020),Skeletonema,dohrnii,SdohA,diatoms,-1,0.130386739
622,Anderson and Rynearson (2020),Skeletonema,dohrnii,SdohA,diatoms,-1,0.090674426
622,Anderson and Rynearson (2020),Skeletonema,dohrnii,SdohA,diatoms,15,1.396292933
622,Anderson and Rynearson (2020),Skeletonema,dohrnii,SdohA,diatoms,15,1.382332036
622,Anderson and Rynearson (2020),Skeletonema,dohrnii,SdohA,diatoms,15,1.400012241
622,Anderson and Rynearson (2020),Skeletonema,dohrnii,SdohA,diatoms,22,1.712421618
622,Anderson and Rynearson (2020),Skeletonema,dohrnii,SdohA,diatoms,22,1.864093372
622,Anderson and Rynearson (2020),Skeletonema,dohrnii,SdohA,diatoms,22,1.930522859
622,Anderson and Rynearson (2020),Skeletonema,dohrnii,SdohA,diatoms,30,1.577207758
622,Anderson and Rynearson (2020),Skeletonema,dohrnii,SdohA,diatoms,30,1.485231264
622,Anderson and Rynearson (2020),Skeletonema,dohrnii,SdohA,diatoms,30,1.26355696
622,Anderson and Rynearson (2020),Skeletonema,dohrnii,SdohA,diatoms,4,0.531504489
622,Anderson and Rynearson (2020),Skeletonema,dohrnii,SdohA,diatoms,4,0.624455773
622,Anderson and Rynearson (2020),Skeletonema,dohrnii,SdohA,diatoms,4,0.677221963
622,Anderson and Rynearson (2020),Skeletonema,dohrnii,SdohA,diatoms,4,0.678598588
622,Anderson and Rynearson (2020),Skeletonema,dohrnii,SdohA,diatoms,9,0.900883078
622,Anderson and Rynearson (2020),Skeletonema,dohrnii,SdohA,diatoms,9,0.904331496
622,Anderson and Rynearson (2020),Skeletonema,dohrnii,SdohA,diatoms,9,0.844374459
624,Anderson and Rynearson (2020),Skeletonema,dohrnii,SkelB,diatoms,15,1.570285271
624,Anderson and Rynearson (2020),Skeletonema,dohrnii,SkelB,diatoms,15,1.522534433
624,Anderson and Rynearson (2020),Skeletonema,dohrnii,SkelB,diatoms,15,1.531152775
624,Anderson and Rynearson (2020),Skeletonema,dohrnii,SkelB,diatoms,22,1.725072465
624,Anderson and Rynearson (2020),Skeletonema,dohrnii,SkelB,diatoms,22,1.748855842
624,Anderson and Rynearson (2020),Skeletonema,dohrnii,SkelB,diatoms,22,1.667043631
624,Anderson and Rynearson (2020),Skeletonema,dohrnii,SkelB,diatoms,30,1.301857591
624,Anderson and Rynearson (2020),Skeletonema,dohrnii,SkelB,diatoms,30,1.278075815
624,Anderson and Rynearson (2020),Skeletonema,dohrnii,SkelB,diatoms,30,1.297949847
624,Anderson and Rynearson (2020),Skeletonema,dohrnii,SkelB,diatoms,4,0.444096274
624,Anderson and Rynearson (2020),Skeletonema,dohrnii,SkelB,diatoms,4,0.573264325
624,Anderson and Rynearson (2020),Skeletonema,dohrnii,SkelB,diatoms,4,0.39209157
624,Anderson and Rynearson (2020),Skeletonema,dohrnii,SkelB,diatoms,9,1.059202077
624,Anderson and Rynearson (2020),Skeletonema,dohrnii,SkelB,diatoms,9,1.057773349
624,Anderson and Rynearson (2020),Skeletonema,dohrnii,SkelB,diatoms,9,1.108253079
625,Anderson and Rynearson (2020),Skeletonema,grethae,CCMP 1804,diatoms,15,1.509754951
625,Anderson and Rynearson (2020),Skeletonema,grethae,CCMP 1804,diatoms,15,1.532754616
625,Anderson and Rynearson (2020),Skeletonema,grethae,CCMP 1804,diatoms,15,1.54528682
625,Anderson and Rynearson (2020),Skeletonema,grethae,CCMP 1804,diatoms,22,1.694335227
625,Anderson and Rynearson (2020),Skeletonema,grethae,CCMP 1804,diatoms,22,1.719191676
625,Anderson and Rynearson (2020),Skeletonema,grethae,CCMP 1804,diatoms,22,1.715665591
625,Anderson and Rynearson (2020),Skeletonema,grethae,CCMP 1804,diatoms,25,1.523970735
625,Anderson and Rynearson (2020),Skeletonema,grethae,CCMP 1804,diatoms,25,1.536531765
625,Anderson and Rynearson (2020),Skeletonema,grethae,CCMP 1804,diatoms,25,1.523106858
625,Anderson and Rynearson (2020),Skeletonema,grethae,CCMP 1804,diatoms,30,1.31963667
625,Anderson and Rynearson (2020),Skeletonema,grethae,CCMP 1804,diatoms,30,1.405122566
625,Anderson and Rynearson (2020),Skeletonema,grethae,CCMP 1804,diatoms,30,1.408989878
625,Anderson and Rynearson (2020),Skeletonema,grethae,CCMP 1804,diatoms,9,0.927027553
625,Anderson and Rynearson (2020),Skeletonema,grethae,CCMP 1804,diatoms,9,0.954214304
625,Anderson and Rynearson (2020),Skeletonema,grethae,CCMP 1804,diatoms,9,0.955190474
626,Anderson and Rynearson (2020),Skeletonema,grethae,SgreA,diatoms,15,1.325689914
626,Anderson and Rynearson (2020),Skeletonema,grethae,SgreA,diatoms,15,1.290243138
626,Anderson and Rynearson (2020),Skeletonema,grethae,SgreA,diatoms,15,1.321796707
626,Anderson and Rynearson (2020),Skeletonema,grethae,SgreA,diatoms,22,1.659322323
626,Anderson and Rynearson (2020),Skeletonema,grethae,SgreA,diatoms,22,1.579254855
626,Anderson and Rynearson (2020),Skeletonema,grethae,SgreA,diatoms,22,1.521723951
626,Anderson and Rynearson (2020),Skeletonema,grethae,SgreA,diatoms,25,1.883402371
626,Anderson and Rynearson (2020),Skeletonema,grethae,SgreA,diatoms,25,1.834649198
626,Anderson and Rynearson (2020),Skeletonema,grethae,SgreA,diatoms,25,1.911803916
626,Anderson and Rynearson (2020),Skeletonema,grethae,SgreA,diatoms,30,1.652909677
626,Anderson and Rynearson (2020),Skeletonema,grethae,SgreA,diatoms,30,1.804097377
626,Anderson and Rynearson (2020),Skeletonema,grethae,SgreA,diatoms,30,1.522551148
626,Anderson and Rynearson (2020),Skeletonema,grethae,SgreA,diatoms,4,0.222502266
626,Anderson and Rynearson (2020),Skeletonema,grethae,SgreA,diatoms,4,0.376749133
626,Anderson and Rynearson (2020),Skeletonema,grethae,SgreA,diatoms,4,0.110706381
626,Anderson and Rynearson (2020),Skeletonema,grethae,SgreA,diatoms,4,0.371156438
626,Anderson and Rynearson (2020),Skeletonema,grethae,SgreA,diatoms,9,0.946637799
626,Anderson and Rynearson (2020),Skeletonema,grethae,SgreA,diatoms,9,0.898968943
626,Anderson and Rynearson (2020),Skeletonema,grethae,SgreA,diatoms,9,0.988919734
628,Anderson and Rynearson (2020),Skeletonema,marinoi,CCMP 1332,diatoms,15,1.309498344
628,Anderson and Rynearson (2020),Skeletonema,marinoi,CCMP 1332,diatoms,15,1.316434171
628,Anderson and Rynearson (2020),Skeletonema,marinoi,CCMP 1332,diatoms,15,1.349691092
628,Anderson and Rynearson (2020),Skeletonema,marinoi,CCMP 1332,diatoms,22,1.354581756
628,Anderson and Rynearson (2020),Skeletonema,marinoi,CCMP 1332,diatoms,22,1.366259855
628,Anderson and Rynearson (2020),Skeletonema,marinoi,CCMP 1332,diatoms,22,1.282593742
628,Anderson and Rynearson (2020),Skeletonema,marinoi,CCMP 1332,diatoms,25,1.320507064
628,Anderson and Rynearson (2020),Skeletonema,marinoi,CCMP 1332,diatoms,25,1.263976854
628,Anderson and Rynearson (2020),Skeletonema,marinoi,CCMP 1332,diatoms,25,1.311325549
628,Anderson and Rynearson (2020),Skeletonema,marinoi,CCMP 1332,diatoms,4,0.150003452
628,Anderson and Rynearson (2020),Skeletonema,marinoi,CCMP 1332,diatoms,4,0.377542192
628,Anderson and Rynearson (2020),Skeletonema,marinoi,CCMP 1332,diatoms,4,0.198642013
628,Anderson and Rynearson (2020),Skeletonema,marinoi,CCMP 1332,diatoms,9,0.834762956
628,Anderson and Rynearson (2020),Skeletonema,marinoi,CCMP 1332,diatoms,9,0.828192512
628,Anderson and Rynearson (2020),Skeletonema,marinoi,CCMP 1332,diatoms,9,0.829369359
629,Anderson and Rynearson (2020),Skeletonema,marinoi,SkelF,diatoms,15,1.101036129
629,Anderson and Rynearson (2020),Skeletonema,marinoi,SkelF,diatoms,15,1.168705758
629,Anderson and Rynearson (2020),Skeletonema,marinoi,SkelF,diatoms,15,1.141964467
629,Anderson and Rynearson (2020),Skeletonema,marinoi,SkelF,diatoms,22,1.430616928
629,Anderson and Rynearson (2020),Skeletonema,marinoi,SkelF,diatoms,22,1.460931721
629,Anderson and Rynearson (2020),Skeletonema,marinoi,SkelF,diatoms,22,1.406000088
629,Anderson and Rynearson (2020),Skeletonema,marinoi,SkelF,diatoms,25,1.151386782
629,Anderson and Rynearson (2020),Skeletonema,marinoi,SkelF,diatoms,25,1.37471665
629,Anderson and Rynearson (2020),Skeletonema,marinoi,SkelF,diatoms,25,1.271589298
629,Anderson and Rynearson (2020),Skeletonema,marinoi,SkelF,diatoms,4,0.191914815
629,Anderson and Rynearson (2020),Skeletonema,marinoi,SkelF,diatoms,4,0.360622715
629,Anderson and Rynearson (2020),Skeletonema,marinoi,SkelF,diatoms,4,0.35846671
629,Anderson and Rynearson (2020),Skeletonema,marinoi,SkelF,diatoms,9,0.8414791
629,Anderson and Rynearson (2020),Skeletonema,marinoi,SkelF,diatoms,9,0.849487764
629,Anderson and Rynearson (2020),Skeletonema,marinoi,SkelF,diatoms,9,0.859408644
630,Anderson and Rynearson (2020),Skeletonema,marinoi,SmarA,diatoms,-1,0.168531889
630,Anderson and Rynearson (2020),Skeletonema,marinoi,SmarA,diatoms,-1,0.164573706
630,Anderson and Rynearson (2020),Skeletonema,marinoi,SmarA,diatoms,-1,0.187573576
630,Anderson and Rynearson (2020),Skeletonema,marinoi,SmarA,diatoms,15,1.469964497
630,Anderson and Rynearson (2020),Skeletonema,marinoi,SmarA,diatoms,15,1.302647741
630,Anderson and Rynearson (2020),Skeletonema,marinoi,SmarA,diatoms,15,1.4298194
630,Anderson and Rynearson (2020),Skeletonema,marinoi,SmarA,diatoms,22,1.629482024
630,Anderson and Rynearson (2020),Skeletonema,marinoi,SmarA,diatoms,22,1.53550087
630,Anderson and Rynearson (2020),Skeletonema,marinoi,SmarA,diatoms,22,1.660206066
630,Anderson and Rynearson (2020),Skeletonema,marinoi,SmarA,diatoms,25,1.570410141
630,Anderson and Rynearson (2020),Skeletonema,marinoi,SmarA,diatoms,25,1.653719565
630,Anderson and Rynearson (2020),Skeletonema,marinoi,SmarA,diatoms,25,1.575591536
630,Anderson and Rynearson (2020),Skeletonema,marinoi,SmarA,diatoms,27,1.544141287
630,Anderson and Rynearson (2020),Skeletonema,marinoi,SmarA,diatoms,27,1.522431543
630,Anderson and Rynearson (2020),Skeletonema,marinoi,SmarA,diatoms,27,1.517469174
630,Anderson and Rynearson (2020),Skeletonema,marinoi,SmarA,diatoms,4,0.56753204
630,Anderson and Rynearson (2020),Skeletonema,marinoi,SmarA,diatoms,4,0.591933735
630,Anderson and Rynearson (2020),Skeletonema,marinoi,SmarA,diatoms,4,0.588908361
630,Anderson and Rynearson (2020),Skeletonema,marinoi,SmarA,diatoms,9,1.042115536
630,Anderson and Rynearson (2020),Skeletonema,marinoi,SmarA,diatoms,9,1.086935829
630,Anderson and Rynearson (2020),Skeletonema,marinoi,SmarA,diatoms,9,1.099063769
631,Anderson and Rynearson (2020),Skeletonema,marinoi,SmarB,diatoms,-1,0.135739022
631,Anderson and Rynearson (2020),Skeletonema,marinoi,SmarB,diatoms,-1,0.122480557
631,Anderson and Rynearson (2020),Skeletonema,marinoi,SmarB,diatoms,-1,0.157714095
631,Anderson and Rynearson (2020),Skeletonema,marinoi,SmarB,diatoms,15,1.305058382
631,Anderson and Rynearson (2020),Skeletonema,marinoi,SmarB,diatoms,15,1.22463668
631,Anderson and Rynearson (2020),Skeletonema,marinoi,SmarB,diatoms,15,1.329128673
631,Anderson and Rynearson (2020),Skeletonema,marinoi,SmarB,diatoms,22,1.35413593
631,Anderson and Rynearson (2020),Skeletonema,marinoi,SmarB,diatoms,22,1.272215738
631,Anderson and Rynearson (2020),Skeletonema,marinoi,SmarB,diatoms,22,1.367265172
631,Anderson and Rynearson (2020),Skeletonema,marinoi,SmarB,diatoms,25,1.49798874
631,Anderson and Rynearson (2020),Skeletonema,marinoi,SmarB,diatoms,25,1.494035826
631,Anderson and Rynearson (2020),Skeletonema,marinoi,SmarB,diatoms,25,1.604433452
631,Anderson and Rynearson (2020),Skeletonema,marinoi,SmarB,diatoms,4,0.573607046
631,Anderson and Rynearson (2020),Skeletonema,marinoi,SmarB,diatoms,4,0.551573793
631,Anderson and Rynearson (2020),Skeletonema,marinoi,SmarB,diatoms,4,0.599121031
631,Anderson and Rynearson (2020),Skeletonema,marinoi,SmarB,diatoms,9,0.864757446
631,Anderson and Rynearson (2020),Skeletonema,marinoi,SmarB,diatoms,9,0.933548391
631,Anderson and Rynearson (2020),Skeletonema,marinoi,SmarB,diatoms,9,0.958539758
632,Anderson and Rynearson (2020),Skeletonema,marinoi,SmarC,diatoms,-1,0.074407234
632,Anderson and Rynearson (2020),Skeletonema,marinoi,SmarC,diatoms,-1,0.077087755
632,Anderson and Rynearson (2020),Skeletonema,marinoi,SmarC,diatoms,-1,0.072137492
632,Anderson and Rynearson (2020),Skeletonema,marinoi,SmarC,diatoms,15,1.230695788
632,Anderson and Rynearson (2020),Skeletonema,marinoi,SmarC,diatoms,15,1.180893473
632,Anderson and Rynearson (2020),Skeletonema,marinoi,SmarC,diatoms,15,1.142875241
632,Anderson and Rynearson (2020),Skeletonema,marinoi,SmarC,diatoms,22,1.617789683
632,Anderson and Rynearson (2020),Skeletonema,marinoi,SmarC,diatoms,22,1.531736622
632,Anderson and Rynearson (2020),Skeletonema,marinoi,SmarC,diatoms,22,1.612043062
632,Anderson and Rynearson (2020),Skeletonema,marinoi,SmarC,diatoms,25,1.489352239
632,Anderson and Rynearson (2020),Skeletonema,marinoi,SmarC,diatoms,25,1.433895897
632,Anderson and Rynearson (2020),Skeletonema,marinoi,SmarC,diatoms,25,1.528088783
632,Anderson and Rynearson (2020),Skeletonema,marinoi,SmarC,diatoms,27,1.068002075
632,Anderson and Rynearson (2020),Skeletonema,marinoi,SmarC,diatoms,27,1.203994545
632,Anderson and Rynearson (2020),Skeletonema,marinoi,SmarC,diatoms,27,1.046912494
632,Anderson and Rynearson (2020),Skeletonema,marinoi,SmarC,diatoms,4,0.781278308
632,Anderson and Rynearson (2020),Skeletonema,marinoi,SmarC,diatoms,4,0.775296578
632,Anderson and Rynearson (2020),Skeletonema,marinoi,SmarC,diatoms,4,0.817641188
632,Anderson and Rynearson (2020),Skeletonema,marinoi,SmarC,diatoms,9,1.03177404
632,Anderson and Rynearson (2020),Skeletonema,marinoi,SmarC,diatoms,9,1.037135148
632,Anderson and Rynearson (2020),Skeletonema,marinoi,SmarC,diatoms,9,1.074675397
633,Anderson and Rynearson (2020),Skeletonema,marinoi,SmarD,diatoms,-1,0.073294824
633,Anderson and Rynearson (2020),Skeletonema,marinoi,SmarD,diatoms,-1,0.082881868
633,Anderson and Rynearson (2020),Skeletonema,marinoi,SmarD,diatoms,-1,0.112141796
633,Anderson and Rynearson (2020),Skeletonema,marinoi,SmarD,diatoms,15,1.227432076
633,Anderson and Rynearson (2020),Skeletonema,marinoi,SmarD,diatoms,15,1.159324106
633,Anderson and Rynearson (2020),Skeletonema,marinoi,SmarD,diatoms,15,1.321719695
633,Anderson and Rynearson (2020),Skeletonema,marinoi,SmarD,diatoms,22,1.464074666
633,Anderson and Rynearson (2020),Skeletonema,marinoi,SmarD,diatoms,22,1.506839252
633,Anderson and Rynearson (2020),Skeletonema,marinoi,SmarD,diatoms,22,1.594551543
633,Anderson and Rynearson (2020),Skeletonema,marinoi,SmarD,diatoms,25,1.714326792
633,Anderson and Rynearson (2020),Skeletonema,marinoi,SmarD,diatoms,25,1.658237803
633,Anderson and Rynearson (2020),Skeletonema,marinoi,SmarD,diatoms,25,1.640418957
633,Anderson and Rynearson (2020),Skeletonema,marinoi,SmarD,diatoms,27,1.465803184
633,Anderson and Rynearson (2020),Skeletonema,marinoi,SmarD,diatoms,27,1.418875918
633,Anderson and Rynearson (2020),Skeletonema,marinoi,SmarD,diatoms,27,1.423019498
633,Anderson and Rynearson (2020),Skeletonema,marinoi,SmarD,diatoms,27,1.438231193
633,Anderson and Rynearson (2020),Skeletonema,marinoi,SmarD,diatoms,4,0.794397824
633,Anderson and Rynearson (2020),Skeletonema,marinoi,SmarD,diatoms,4,0.815834125
633,Anderson and Rynearson (2020),Skeletonema,marinoi,SmarD,diatoms,4,0.725749519
633,Anderson and Rynearson (2020),Skeletonema,marinoi,SmarD,diatoms,9,1.103665309
633,Anderson and Rynearson (2020),Skeletonema,marinoi,SmarD,diatoms,9,0.929634308
633,Anderson and Rynearson (2020),Skeletonema,marinoi,SmarD,diatoms,9,1.03444505
634,Anderson and Rynearson (2020),Skeletonema,marinoi,SmarE,diatoms,-1,0.140988127
634,Anderson and Rynearson (2020),Skeletonema,marinoi,SmarE,diatoms,-1,0.128629679
634,Anderson and Rynearson (2020),Skeletonema,marinoi,SmarE,diatoms,-1,0.12857288
634,Anderson and Rynearson (2020),Skeletonema,marinoi,SmarE,diatoms,15,1.246106682
634,Anderson and Rynearson (2020),Skeletonema,marinoi,SmarE,diatoms,15,1.244008278
634,Anderson and Rynearson (2020),Skeletonema,marinoi,SmarE,diatoms,15,1.274157461
634,Anderson and Rynearson (2020),Skeletonema,marinoi,SmarE,diatoms,22,1.442577021
634,Anderson and Rynearson (2020),Skeletonema,marinoi,SmarE,diatoms,22,1.416722624
634,Anderson and Rynearson (2020),Skeletonema,marinoi,SmarE,diatoms,22,1.459935953
634,Anderson and Rynearson (2020),Skeletonema,marinoi,SmarE,diatoms,25,1.280131466
634,Anderson and Rynearson (2020),Skeletonema,marinoi,SmarE,diatoms,25,1.443990001
634,Anderson and Rynearson (2020),Skeletonema,marinoi,SmarE,diatoms,25,1.332152569
634,Anderson and Rynearson (2020),Skeletonema,marinoi,SmarE,diatoms,4,0.650139722
634,Anderson and Rynearson (2020),Skeletonema,marinoi,SmarE,diatoms,4,0.832199905
634,Anderson and Rynearson (2020),Skeletonema,marinoi,SmarE,diatoms,4,0.674460844
634,Anderson and Rynearson (2020),Skeletonema,marinoi,SmarE,diatoms,9,0.907719276
634,Anderson and Rynearson (2020),Skeletonema,marinoi,SmarE,diatoms,9,0.989399669
634,Anderson and Rynearson (2020),Skeletonema,marinoi,SmarE,diatoms,9,0.896551636
635,Anderson and Rynearson (2020),Skeletonema,marinoi,SmarF,diatoms,-1,0.130665834
635,Anderson and Rynearson (2020),Skeletonema,marinoi,SmarF,diatoms,-1,0.104517432
635,Anderson and Rynearson (2020),Skeletonema,marinoi,SmarF,diatoms,-1,0.148204734
635,Anderson and Rynearson (2020),Skeletonema,marinoi,SmarF,diatoms,15,1.474172766
635,Anderson and Rynearson (2020),Skeletonema,marinoi,SmarF,diatoms,15,1.372609199
635,Anderson and Rynearson (2020),Skeletonema,marinoi,SmarF,diatoms,15,1.394381376
635,Anderson and Rynearson (2020),Skeletonema,marinoi,SmarF,diatoms,25,1.412302601
635,Anderson and Rynearson (2020),Skeletonema,marinoi,SmarF,diatoms,25,1.433444936
635,Anderson and Rynearson (2020),Skeletonema,marinoi,SmarF,diatoms,25,1.428102048
635,Anderson and Rynearson (2020),Skeletonema,marinoi,SmarF,diatoms,4,0.742302411
635,Anderson and Rynearson (2020),Skeletonema,marinoi,SmarF,diatoms,4,0.777322063
635,Anderson and Rynearson (2020),Skeletonema,marinoi,SmarF,diatoms,4,0.751150508
635,Anderson and Rynearson (2020),Skeletonema,marinoi,SmarF,diatoms,9,1.108622195
635,Anderson and Rynearson (2020),Skeletonema,marinoi,SmarF,diatoms,9,1.086467063
635,Anderson and Rynearson (2020),Skeletonema,marinoi,SmarF,diatoms,9,1.081474075
636,Anderson and Rynearson (2020),Skeletonema,marinoi,SmarH,diatoms,-1,0.096435697
636,Anderson and Rynearson (2020),Skeletonema,marinoi,SmarH,diatoms,-1,0.016647125
636,Anderson and Rynearson (2020),Skeletonema,marinoi,SmarH,diatoms,-1,0.091818562
636,Anderson and Rynearson (2020),Skeletonema,marinoi,SmarH,diatoms,15,1.361505221
636,Anderson and Rynearson (2020),Skeletonema,marinoi,SmarH,diatoms,15,1.486900903
636,Anderson and Rynearson (2020),Skeletonema,marinoi,SmarH,diatoms,15,1.340729204
636,Anderson and Rynearson (2020),Skeletonema,marinoi,SmarH,diatoms,22,1.658793713
636,Anderson and Rynearson (2020),Skeletonema,marinoi,SmarH,diatoms,22,1.649814027
636,Anderson and Rynearson (2020),Skeletonema,marinoi,SmarH,diatoms,22,1.692606962
636,Anderson and Rynearson (2020),Skeletonema,marinoi,SmarH,diatoms,25,1.56688623
636,Anderson and Rynearson (2020),Skeletonema,marinoi,SmarH,diatoms,25,1.619637926
636,Anderson and Rynearson (2020),Skeletonema,marinoi,SmarH,diatoms,25,1.611890027
636,Anderson and Rynearson (2020),Skeletonema,marinoi,SmarH,diatoms,30,1.24103599
636,Anderson and Rynearson (2020),Skeletonema,marinoi,SmarH,diatoms,30,1.257521339
636,Anderson and Rynearson (2020),Skeletonema,marinoi,SmarH,diatoms,4,0.782268453
636,Anderson and Rynearson (2020),Skeletonema,marinoi,SmarH,diatoms,4,0.687139118
636,Anderson and Rynearson (2020),Skeletonema,marinoi,SmarH,diatoms,4,0.647256758
636,Anderson and Rynearson (2020),Skeletonema,marinoi,SmarH,diatoms,9,1.159717932
636,Anderson and Rynearson (2020),Skeletonema,marinoi,SmarH,diatoms,9,0.956202878
636,Anderson and Rynearson (2020),Skeletonema,marinoi,SmarH,diatoms,9,1.107329542
637,Anderson and Rynearson (2020),Skeletonema,menzelii,CCMP 793,diatoms,15,1.314299432
637,Anderson and Rynearson (2020),Skeletonema,menzelii,CCMP 793,diatoms,15,1.273329752
637,Anderson and Rynearson (2020),Skeletonema,menzelii,CCMP 793,diatoms,15,1.233732068
637,Anderson and Rynearson (2020),Skeletonema,menzelii,CCMP 793,diatoms,22,1.986632232
637,Anderson and Rynearson (2020),Skeletonema,menzelii,CCMP 793,diatoms,22,1.765582106
637,Anderson and Rynearson (2020),Skeletonema,menzelii,CCMP 793,diatoms,22,1.726080705
637,Anderson and Rynearson (2020),Skeletonema,menzelii,CCMP 793,diatoms,30,1.197294314
637,Anderson and Rynearson (2020),Skeletonema,menzelii,CCMP 793,diatoms,30,1.305037303
637,Anderson and Rynearson (2020),Skeletonema,menzelii,CCMP 793,diatoms,30,1.4290482
637,Anderson and Rynearson (2020),Skeletonema,menzelii,CCMP 793,diatoms,9,0.680135748
637,Anderson and Rynearson (2020),Skeletonema,menzelii,CCMP 793,diatoms,9,0.646824387
637,Anderson and Rynearson (2020),Skeletonema,menzelii,CCMP 793,diatoms,9,0.686630916
638,Anderson and Rynearson (2020),Skeletonema,pseudocostatum,CCMP 2478,diatoms,15,1.73224695
638,Anderson and Rynearson (2020),Skeletonema,pseudocostatum,CCMP 2478,diatoms,15,1.743320277
638,Anderson and Rynearson (2020),Skeletonema,pseudocostatum,CCMP 2478,diatoms,15,1.695622335
638,Anderson and Rynearson (2020),Skeletonema,pseudocostatum,CCMP 2478,diatoms,22,1.945283814
638,Anderson and Rynearson (2020),Skeletonema,pseudocostatum,CCMP 2478,diatoms,22,1.950997448
638,Anderson and Rynearson (2020),Skeletonema,pseudocostatum,CCMP 2478,diatoms,22,1.960500991
638,Anderson and Rynearson (2020),Skeletonema,pseudocostatum,CCMP 2478,diatoms,25,1.868429383
638,Anderson and Rynearson (2020),Skeletonema,pseudocostatum,CCMP 2478,diatoms,25,1.912946389
638,Anderson and Rynearson (2020),Skeletonema,pseudocostatum,CCMP 2478,diatoms,25,1.846425712
638,Anderson and Rynearson (2020),Skeletonema,pseudocostatum,CCMP 2478,diatoms,30,1.831685699
638,Anderson and Rynearson (2020),Skeletonema,pseudocostatum,CCMP 2478,diatoms,30,1.797446761
638,Anderson and Rynearson (2020),Skeletonema,pseudocostatum,CCMP 2478,diatoms,30,1.766139217
638,Anderson and Rynearson (2020),Skeletonema,pseudocostatum,CCMP 2478,diatoms,9,0.983463837
638,Anderson and Rynearson (2020),Skeletonema,pseudocostatum,CCMP 2478,diatoms,9,1.036248103
639,Anderson and Rynearson (2020),Skeletonema,pseudocostatum,SpseA,diatoms,15,1.187902338
639,Anderson and Rynearson (2020),Skeletonema,pseudocostatum,SpseA,diatoms,15,1.285168713
639,Anderson and Rynearson (2020),Skeletonema,pseudocostatum,SpseA,diatoms,15,1.227178892
639,Anderson and Rynearson (2020),Skeletonema,pseudocostatum,SpseA,diatoms,22,2.054626079
639,Anderson and Rynearson (2020),Skeletonema,pseudocostatum,SpseA,diatoms,22,1.978794439
639,Anderson and Rynearson (2020),Skeletonema,pseudocostatum,SpseA,diatoms,22,1.859217809
639,Anderson and Rynearson (2020),Skeletonema,pseudocostatum,SpseA,diatoms,25,1.921372111
639,Anderson and Rynearson (2020),Skeletonema,pseudocostatum,SpseA,diatoms,25,1.96751824
639,Anderson and Rynearson (2020),Skeletonema,pseudocostatum,SpseA,diatoms,25,1.876094244
639,Anderson and Rynearson (2020),Skeletonema,pseudocostatum,SpseA,diatoms,30,2.076662842
639,Anderson and Rynearson (2020),Skeletonema,pseudocostatum,SpseA,diatoms,30,1.99169765
639,Anderson and Rynearson (2020),Skeletonema,pseudocostatum,SpseA,diatoms,30,2.100927906
639,Anderson and Rynearson (2020),Skeletonema,pseudocostatum,SpseA,diatoms,33,1.183080547
639,Anderson and Rynearson (2020),Skeletonema,pseudocostatum,SpseA,diatoms,33,1.19138017
639,Anderson and Rynearson (2020),Skeletonema,pseudocostatum,SpseA,diatoms,33,1.210168376
639,Anderson and Rynearson (2020),Skeletonema,pseudocostatum,SpseA,diatoms,33,1.172172885
639,Anderson and Rynearson (2020),Skeletonema,pseudocostatum,SpseA,diatoms,9,0.782017196
639,Anderson and Rynearson (2020),Skeletonema,pseudocostatum,SpseA,diatoms,9,0.777969916
639,Anderson and Rynearson (2020),Skeletonema,pseudocostatum,SpseA,diatoms,9,0.72041479
640,Anderson and Rynearson (2020),Skeletonema,pseudocostatum,SpseB,diatoms,15,1.373059976
640,Anderson and Rynearson (2020),Skeletonema,pseudocostatum,SpseB,diatoms,15,1.319842491
640,Anderson and Rynearson (2020),Skeletonema,pseudocostatum,SpseB,diatoms,15,1.373999231
640,Anderson and Rynearson (2020),Skeletonema,pseudocostatum,SpseB,diatoms,22,2.043968013
640,Anderson and Rynearson (2020),Skeletonema,pseudocostatum,SpseB,diatoms,22,1.840488616
640,Anderson and Rynearson (2020),Skeletonema,pseudocostatum,SpseB,diatoms,22,1.79417231
640,Anderson and Rynearson (2020),Skeletonema,pseudocostatum,SpseB,diatoms,25,1.947072181
640,Anderson and Rynearson (2020),Skeletonema,pseudocostatum,SpseB,diatoms,25,1.900463021
640,Anderson and Rynearson (2020),Skeletonema,pseudocostatum,SpseB,diatoms,25,2.028948714
640,Anderson and Rynearson (2020),Skeletonema,pseudocostatum,SpseB,diatoms,30,2.06019977
640,Anderson and Rynearson (2020),Skeletonema,pseudocostatum,SpseB,diatoms,30,2.067631862
640,Anderson and Rynearson (2020),Skeletonema,pseudocostatum,SpseB,diatoms,30,2.095253732
640,Anderson and Rynearson (2020),Skeletonema,pseudocostatum,SpseB,diatoms,33,1.834114355
640,Anderson and Rynearson (2020),Skeletonema,pseudocostatum,SpseB,diatoms,33,1.867473897
640,Anderson and Rynearson (2020),Skeletonema,pseudocostatum,SpseB,diatoms,33,1.840084075
640,Anderson and Rynearson (2020),Skeletonema,pseudocostatum,SpseB,diatoms,33,1.882120964
640,Anderson and Rynearson (2020),Skeletonema,pseudocostatum,SpseB,diatoms,9,0.861901516
640,Anderson and Rynearson (2020),Skeletonema,pseudocostatum,SpseB,diatoms,9,0.883586674
640,Anderson and Rynearson (2020),Skeletonema,pseudocostatum,SpseB,diatoms,9,0.820777656
642,Anderson and Rynearson (2020),Skeletonema,pseudocostatum,SpseD,diatoms,15,1.120899984
642,Anderson and Rynearson (2020),Skeletonema,pseudocostatum,SpseD,diatoms,15,1.153808292
642,Anderson and Rynearson (2020),Skeletonema,pseudocostatum,SpseD,diatoms,15,1.171284765
642,Anderson and Rynearson (2020),Skeletonema,pseudocostatum,SpseD,diatoms,22,1.899977962
642,Anderson and Rynearson (2020),Skeletonema,pseudocostatum,SpseD,diatoms,22,1.739087337
642,Anderson and Rynearson (2020),Skeletonema,pseudocostatum,SpseD,diatoms,22,1.972942843
642,Anderson and Rynearson (2020),Skeletonema,pseudocostatum,SpseD,diatoms,25,1.847300953
642,Anderson and Rynearson (2020),Skeletonema,pseudocostatum,SpseD,diatoms,25,1.775582213
642,Anderson and Rynearson (2020),Skeletonema,pseudocostatum,SpseD,diatoms,25,1.969160412
642,Anderson and Rynearson (2020),Skeletonema,pseudocostatum,SpseD,diatoms,9,0.747993084
642,Anderson and Rynearson (2020),Skeletonema,pseudocostatum,SpseD,diatoms,9,0.746686395
642,Anderson and Rynearson (2020),Skeletonema,pseudocostatum,SpseD,diatoms,9,0.771730787
643,Anderson and Rynearson (2020),Skeletonema,pseudocostatum,SpseE,diatoms,22,1.428763491
643,Anderson and Rynearson (2020),Skeletonema,pseudocostatum,SpseE,diatoms,22,1.538417713
643,Anderson and Rynearson (2020),Skeletonema,pseudocostatum,SpseE,diatoms,22,1.43763079
643,Anderson and Rynearson (2020),Skeletonema,pseudocostatum,SpseE,diatoms,33,0.67567571
643,Anderson and Rynearson (2020),Skeletonema,pseudocostatum,SpseE,diatoms,33,0.649490407
643,Anderson and Rynearson (2020),Skeletonema,pseudocostatum,SpseE,diatoms,33,0.791510237
643,Anderson and Rynearson (2020),Skeletonema,pseudocostatum,SpseE,diatoms,33,0.771575652
643,Anderson and Rynearson (2020),Skeletonema,pseudocostatum,SpseE,diatoms,9,0.729602794
643,Anderson and Rynearson (2020),Skeletonema,pseudocostatum,SpseE,diatoms,9,0.812805543
643,Anderson and Rynearson (2020),Skeletonema,pseudocostatum,SpseE,diatoms,9,0.700851748
645,Stawiarski et al. (2016),Synechococcaceae,Prochlorococcus,GP2,cyanobacteria,24.36,0.26
645,Stawiarski et al. (2016),Synechococcaceae,Prochlorococcus,GP2,cyanobacteria,24.36,0.3
645,Stawiarski et al. (2016),Synechococcaceae,Prochlorococcus,GP2,cyanobacteria,24.36,0.26
645,Stawiarski et al. (2016),Synechococcaceae,Prochlorococcus,GP2,cyanobacteria,24.36,0.24
645,Stawiarski et al. (2016),Synechococcaceae,Prochlorococcus,GP2,cyanobacteria,21.68,0.39
645,Stawiarski et al. (2016),Synechococcaceae,Prochlorococcus,GP2,cyanobacteria,21.68,0.37
645,Stawiarski et al. (2016),Synechococcaceae,Prochlorococcus,GP2,cyanobacteria,21.68,0.4
645,Stawiarski et al. (2016),Synechococcaceae,Prochlorococcus,GP2,cyanobacteria,21.68,0.37
645,Stawiarski et al. (2016),Synechococcaceae,Prochlorococcus,GP2,cyanobacteria,21.68,0.37
645,Stawiarski et al. (2016),Synechococcaceae,Prochlorococcus,GP2,cyanobacteria,21.68,0.38
645,Stawiarski et al. (2016),Synechococcaceae,Prochlorococcus,GP2,cyanobacteria,19.03,0.34
645,Stawiarski et al. (2016),Synechococcaceae,Prochlorococcus,GP2,cyanobacteria,19.03,0.27
645,Stawiarski et al. (2016),Synechococcaceae,Prochlorococcus,GP2,cyanobacteria,19.03,0.28
645,Stawiarski et al. (2016),Synechococcaceae,Prochlorococcus,GP2,cyanobacteria,19.03,0.36
645,Stawiarski et al. (2016),Synechococcaceae,Prochlorococcus,GP2,cyanobacteria,19.03,0.27
645,Stawiarski et al. (2016),Synechococcaceae,Prochlorococcus,GP2,cyanobacteria,16.26,0.19
646,Stawiarski et al. (2016),Synechococcaceae,Prochlorococcus LL,_NATL2-M98,cyanobacteria,25.28,0.18
646,Stawiarski et al. (2016),Synechococcaceae,Prochlorococcus LL,_NATL2-M98,cyanobacteria,25.28,0.23
646,Stawiarski et al. (2016),Synechococcaceae,Prochlorococcus LL,_NATL2-M98,cyanobacteria,25.28,0.14
646,Stawiarski et al. (2016),Synechococcaceae,Prochlorococcus LL,_NATL2-M98,cyanobacteria,22.56,0.36
646,Stawiarski et al. (2016),Synechococcaceae,Prochlorococcus LL,_NATL2-M98,cyanobacteria,22.56,0.34
646,Stawiarski et al. (2016),Synechococcaceae,Prochlorococcus LL,_NATL2-M98,cyanobacteria,22.56,0.36
646,Stawiarski et al. (2016),Synechococcaceae,Prochlorococcus LL,_NATL2-M98,cyanobacteria,22.56,0.43
646,Stawiarski et al. (2016),Synechococcaceae,Prochlorococcus LL,_NATL2-M98,cyanobacteria,22.56,0.43
646,Stawiarski et al. (2016),Synechococcaceae,Prochlorococcus LL,_NATL2-M98,cyanobacteria,19.98,0.29
646,Stawiarski et al. (2016),Synechococcaceae,Prochlorococcus LL,_NATL2-M98,cyanobacteria,19.98,0.3
646,Stawiarski et al. (2016),Synechococcaceae,Prochlorococcus LL,_NATL2-M98,cyanobacteria,19.98,0.28
646,Stawiarski et al. (2016),Synechococcaceae,Prochlorococcus LL,_NATL2-M98,cyanobacteria,19.98,0.26
646,Stawiarski et al. (2016),Synechococcaceae,Prochlorococcus LL,_NATL2-M98,cyanobacteria,19.98,0.32
646,Stawiarski et al. (2016),Synechococcaceae,Prochlorococcus LL,_NATL2-M98,cyanobacteria,19.98,0.31
646,Stawiarski et al. (2016),Synechococcaceae,Prochlorococcus LL,_NATL2-M98,cyanobacteria,19.98,0.29
646,Stawiarski et al. (2016),Synechococcaceae,Prochlorococcus LL,_NATL2-M98,cyanobacteria,19.98,0.28
646,Stawiarski et al. (2016),Synechococcaceae,Prochlorococcus LL,_NATL2-M98,cyanobacteria,17.53,0.25
646,Stawiarski et al. (2016),Synechococcaceae,Prochlorococcus LL,_NATL2-M98,cyanobacteria,17.53,0.23
646,Stawiarski et al. (2016),Synechococcaceae,Prochlorococcus LL,_NATL2-M98,cyanobacteria,17.53,0.2
647,Stawiarski et al. (2016),Synechococcaceae,Synechococcus,_MAX42Syn,cyanobacteria,27.01,0.74
647,Stawiarski et al. (2016),Synechococcaceae,Synechococcus,_MAX42Syn,cyanobacteria,27.01,0.57
647,Stawiarski et al. (2016),Synechococcaceae,Synechococcus,_MAX42Syn,cyanobacteria,27.01,0.53
647,Stawiarski et al. (2016),Synechococcaceae,Synechococcus,_MAX42Syn,cyanobacteria,24.36,0.82
647,Stawiarski et al. (2016),Synechococcaceae,Synechococcus,_MAX42Syn,cyanobacteria,24.36,0.77
647,Stawiarski et al. (2016),Synechococcaceae,Synechococcus,_MAX42Syn,cyanobacteria,24.36,0.65
647,Stawiarski et al. (2016),Synechococcaceae,Synechococcus,_MAX42Syn,cyanobacteria,24.36,0.71
647,Stawiarski et al. (2016),Synechococcaceae,Synechococcus,_MAX42Syn,cyanobacteria,24.36,0.63
647,Stawiarski et al. (2016),Synechococcaceae,Synechococcus,_MAX42Syn,cyanobacteria,24.36,0.64
647,Stawiarski et al. (2016),Synechococcaceae,Synechococcus,_MAX42Syn,cyanobacteria,21.68,0.62
647,Stawiarski et al. (2016),Synechococcaceae,Synechococcus,_MAX42Syn,cyanobacteria,21.68,0.73
647,Stawiarski et al. (2016),Synechococcaceae,Synechococcus,_MAX42Syn,cyanobacteria,21.68,0.45
647,Stawiarski et al. (2016),Synechococcaceae,Synechococcus,_MAX42Syn,cyanobacteria,21.68,0.46
647,Stawiarski et al. (2016),Synechococcaceae,Synechococcus,_MAX42Syn,cyanobacteria,21.68,0.42
647,Stawiarski et al. (2016),Synechococcaceae,Synechococcus,_MAX42Syn,cyanobacteria,21.68,0.6
647,Stawiarski et al. (2016),Synechococcaceae,Synechococcus,_MAX42Syn,cyanobacteria,19.03,0.48
647,Stawiarski et al. (2016),Synechococcaceae,Synechococcus,_MAX42Syn,cyanobacteria,19.03,0.39
647,Stawiarski et al. (2016),Synechococcaceae,Synechococcus,_MAX42Syn,cyanobacteria,19.03,0.38
647,Stawiarski et al. (2016),Synechococcaceae,Synechococcus,_MAX42Syn,cyanobacteria,16.26,0.26
647,Stawiarski et al. (2016),Synechococcaceae,Synechococcus,_MAX42Syn,cyanobacteria,16.26,0.27
647,Stawiarski et al. (2016),Synechococcaceae,Synechococcus,_MAX42Syn,cyanobacteria,16.26,0.31
647,Stawiarski et al. (2016),Synechococcaceae,Synechococcus,_MAX42Syn,cyanobacteria,13.68,0.13
647,Stawiarski et al. (2016),Synechococcaceae,Synechococcus,_MAX42Syn,cyanobacteria,13.68,0.07
647,Stawiarski et al. (2016),Synechococcaceae,Synechococcus,_MAX42Syn,cyanobacteria,13.68,0.13
648,Mackey et al. (2013),Synechococcaceae,Synechococcus,CCMP837,cyanobacteria,18,0.56
648,Mackey et al. (2013),Synechococcaceae,Synechococcus,CCMP837,cyanobacteria,21,0.56
648,Mackey et al. (2013),Synechococcaceae,Synechococcus,CCMP837,cyanobacteria,24.1,0.54
648,Mackey et al. (2013),Synechococcaceae,Synechococcus,CCMP837,cyanobacteria,27.1,0.16
649,Mackey et al. (2013),Synechococcaceae,Synechococcus,CCMP1183,cyanobacteria,18,0.37
649,Mackey et al. (2013),Synechococcaceae,Synechococcus,CCMP1183,cyanobacteria,21,0.83
649,Mackey et al. (2013),Synechococcaceae,Synechococcus,CCMP1183,cyanobacteria,24,0.91
649,Mackey et al. (2013),Synechococcaceae,Synechococcus,CCMP1183,cyanobacteria,27.1,0.73
650,Mackey et al. (2013),Synechococcaceae,Synechococcus,CCMP1632,cyanobacteria,18,0.35
650,Mackey et al. (2013),Synechococcaceae,Synechococcus,CCMP1632,cyanobacteria,21,0.91
650,Mackey et al. (2013),Synechococcaceae,Synechococcus,CCMP1632,cyanobacteria,24.1,0.65
651,Baker et al. (2018),_Amphidinium,_massartii,_CS-259,dinoflagellates,17.184,0.252
651,Baker et al. (2018),_Amphidinium,_massartii,_CS-259,dinoflagellates,17.201,0.239
651,Baker et al. (2018),_Amphidinium,_massartii,_CS-259,dinoflagellates,17.208,0.265
651,Baker et al. (2018),_Amphidinium,_massartii,_CS-259,dinoflagellates,19.088,0.293
651,Baker et al. (2018),_Amphidinium,_massartii,_CS-259,dinoflagellates,19.095,0.27
651,Baker et al. (2018),_Amphidinium,_massartii,_CS-259,dinoflagellates,19.105,0.269
651,Baker et al. (2018),_Amphidinium,_massartii,_CS-259,dinoflagellates,20.794,0.32
651,Baker et al. (2018),_Amphidinium,_massartii,_CS-259,dinoflagellates,20.805,0.277
651,Baker et al. (2018),_Amphidinium,_massartii,_CS-259,dinoflagellates,20.813,0.293
651,Baker et al. (2018),_Amphidinium,_massartii,_CS-259,dinoflagellates,22.893,0.32
651,Baker et al. (2018),_Amphidinium,_massartii,_CS-259,dinoflagellates,22.902,0.262
651,Baker et al. (2018),_Amphidinium,_massartii,_CS-259,dinoflagellates,22.907,0.331
651,Baker et al. (2018),_Amphidinium,_massartii,_CS-259,dinoflagellates,24.893,0.224
651,Baker et al. (2018),_Amphidinium,_massartii,_CS-259,dinoflagellates,24.893,0.307
651,Baker et al. (2018),_Amphidinium,_massartii,_CS-259,dinoflagellates,24.897,0.272
651,Baker et al. (2018),_Amphidinium,_massartii,_CS-259,dinoflagellates,26.897,0.251
651,Baker et al. (2018),_Amphidinium,_massartii,_CS-259,dinoflagellates,26.897,0.243
651,Baker et al. (2018),_Amphidinium,_massartii,_CS-259,dinoflagellates,26.898,0.173
651,Baker et al. (2018),_Amphidinium,_massartii,_CS-259,dinoflagellates,29.485,0.175
651,Baker et al. (2018),_Amphidinium,_massartii,_CS-259,dinoflagellates,29.5,0.267
651,Baker et al. (2018),_Amphidinium,_massartii,_CS-259,dinoflagellates,31.28,0.221
651,Baker et al. (2018),_Amphidinium,_massartii,_CS-259,dinoflagellates,31.292,0.27
651,Baker et al. (2018),_Amphidinium,_massartii,_CS-259,dinoflagellates,31.302,0.216
651,Baker et al. (2018),_Amphidinium,_massartii,_CS-259,dinoflagellates,32.877,0.321
651,Baker et al. (2018),_Amphidinium,_massartii,_CS-259,dinoflagellates,32.89,0.228
651,Baker et al. (2018),_Amphidinium,_massartii,_CS-259,dinoflagellates,32.893,0.21
651,Baker et al. (2018),_Amphidinium,_massartii,_CS-259,dinoflagellates,36.184,0.091
651,Baker et al. (2018),_Amphidinium,_massartii,_CS-259,dinoflagellates,36.196,0.12
651,Baker et al. (2018),_Amphidinium,_massartii,_CS-259,dinoflagellates,36.206,0.171
652,Zhang et al. (2014),_Emiliania,_huxleyi,M10,coccolithophores,8,0.469
652,Zhang et al. (2014),_Emiliania,_huxleyi,M10,coccolithophores,15,1.226
652,Zhang et al. (2014),_Emiliania,_huxleyi,M10,coccolithophores,18,1.296
652,Zhang et al. (2014),_Emiliania,_huxleyi,M10,coccolithophores,22,1.576
652,Zhang et al. (2014),_Emiliania,_huxleyi,M10,coccolithophores,26,1.218
652,Zhang et al. (2014),_Emiliania,_huxleyi,M10,coccolithophores,27,1.02
652,Zhang et al. (2014),_Emiliania,_huxleyi,M10,coccolithophores,28,0.815
653,Zhang et al. (2014),_Emiliania,_huxleyi,M13,coccolithophores,8,0.379
653,Zhang et al. (2014),_Emiliania,_huxleyi,M13,coccolithophores,15,1.101
653,Zhang et al. (2014),_Emiliania,_huxleyi,M13,coccolithophores,18,1.243
653,Zhang et al. (2014),_Emiliania,_huxleyi,M13,coccolithophores,22,1.463
653,Zhang et al. (2014),_Emiliania,_huxleyi,M13,coccolithophores,26,1.415
653,Zhang et al. (2014),_Emiliania,_huxleyi,M13,coccolithophores,27,1.427
653,Zhang et al. (2014),_Emiliania,_huxleyi,M13,coccolithophores,28,1.167
654,Zhang et al. (2014),_Emiliania,_huxleyi,M19,coccolithophores,8,0.429
654,Zhang et al. (2014),_Emiliania,_huxleyi,M19,coccolithophores,15,1.233
654,Zhang et al. (2014),_Emiliania,_huxleyi,M19,coccolithophores,18,1.325
654,Zhang et al. (2014),_Emiliania,_huxleyi,M19,coccolithophores,22,1.553
654,Zhang et al. (2014),_Emiliania,_huxleyi,M19,coccolithophores,26,1.18
654,Zhang et al. (2014),_Emiliania,_huxleyi,M19,coccolithophores,27,0.827
654,Zhang et al. (2014),_Emiliania,_huxleyi,M19,coccolithophores,28,0.723
655,Zhang et al. (2014),_Emiliania,_huxleyi,M21,coccolithophores,8,0.425
655,Zhang et al. (2014),_Emiliania,_huxleyi,M21,coccolithophores,15,1.187
655,Zhang et al. (2014),_Emiliania,_huxleyi,M21,coccolithophores,18,1.314
655,Zhang et al. (2014),_Emiliania,_huxleyi,M21,coccolithophores,22,1.553
655,Zhang et al. (2014),_Emiliania,_huxleyi,M21,coccolithophores,26,1.459
655,Zhang et al. (2014),_Emiliania,_huxleyi,M21,coccolithophores,27,1.169
655,Zhang et al. (2014),_Emiliania,_huxleyi,M21,coccolithophores,28,0.964
656,Zhang et al. (2014),_Emiliania,_huxleyi,M22,coccolithophores,8,0.367
656,Zhang et al. (2014),_Emiliania,_huxleyi,M22,coccolithophores,15,1.164
656,Zhang et al. (2014),_Emiliania,_huxleyi,M22,coccolithophores,18,1.334
656,Zhang et al. (2014),_Emiliania,_huxleyi,M22,coccolithophores,22,1.56
656,Zhang et al. (2014),_Emiliania,_huxleyi,M22,coccolithophores,26,1.377
656,Zhang et al. (2014),_Emiliania,_huxleyi,M22,coccolithophores,27,1.044
656,Zhang et al. (2014),_Emiliania,_huxleyi,M22,coccolithophores,28,0.981
657,Zhang et al. (2014),_Emiliania,_huxleyi,M23,coccolithophores,8,0.286
657,Zhang et al. (2014),_Emiliania,_huxleyi,M23,coccolithophores,15,1.18
657,Zhang et al. (2014),_Emiliania,_huxleyi,M23,coccolithophores,18,1.342
657,Zhang et al. (2014),_Emiliania,_huxleyi,M23,coccolithophores,22,1.536
657,Zhang et al. (2014),_Emiliania,_huxleyi,M23,coccolithophores,26,1.476
657,Zhang et al. (2014),_Emiliania,_huxleyi,M23,coccolithophores,27,1.035
657,Zhang et al. (2014),_Emiliania,_huxleyi,M23,coccolithophores,28,0.823
658,Zhang et al. (2014),_Emiliania,_huxleyi,17,coccolithophores,8,0.606
658,Zhang et al. (2014),_Emiliania,_huxleyi,17,coccolithophores,15,1.244
658,Zhang et al. (2014),_Emiliania,_huxleyi,17,coccolithophores,18,1.345
658,Zhang et al. (2014),_Emiliania,_huxleyi,17,coccolithophores,22,1.592
658,Zhang et al. (2014),_Emiliania,_huxleyi,17,coccolithophores,26,0.915
658,Zhang et al. (2014),_Emiliania,_huxleyi,17,coccolithophores,27,0.326
659,Zhang et al. (2014),_Emiliania,_huxleyi,41,coccolithophores,8,0.539
659,Zhang et al. (2014),_Emiliania,_huxleyi,41,coccolithophores,15,1.258
659,Zhang et al. (2014),_Emiliania,_huxleyi,41,coccolithophores,18,1.369
659,Zhang et al. (2014),_Emiliania,_huxleyi,41,coccolithophores,22,1.652
659,Zhang et al. (2014),_Emiliania,_huxleyi,41,coccolithophores,26,1.505
659,Zhang et al. (2014),_Emiliania,_huxleyi,41,coccolithophores,27,1.292
660,Zhang et al. (2014),_Emiliania,_huxleyi,62,coccolithophores,8,0.52
660,Zhang et al. (2014),_Emiliania,_huxleyi,62,coccolithophores,15,1.241
660,Zhang et al. (2014),_Emiliania,_huxleyi,62,coccolithophores,18,1.338
660,Zhang et al. (2014),_Emiliania,_huxleyi,62,coccolithophores,22,1.611
660,Zhang et al. (2014),_Emiliania,_huxleyi,62,coccolithophores,26,1.249
660,Zhang et al. (2014),_Emiliania,_huxleyi,62,coccolithophores,27,1.116
661,Zhang et al. (2014),_Emiliania,_huxleyi,63,coccolithophores,8,0.594
661,Zhang et al. (2014),_Emiliania,_huxleyi,63,coccolithophores,15,1.245
661,Zhang et al. (2014),_Emiliania,_huxleyi,63,coccolithophores,18,1.326
661,Zhang et al. (2014),_Emiliania,_huxleyi,63,coccolithophores,22,1.459
661,Zhang et al. (2014),_Emiliania,_huxleyi,63,coccolithophores,26,1.295
661,Zhang et al. (2014),_Emiliania,_huxleyi,63,coccolithophores,27,1.068
662,Zhang et al. (2014),_Emiliania,_huxleyi,85,coccolithophores,8,0.555
662,Zhang et al. (2014),_Emiliania,_huxleyi,85,coccolithophores,15,1.192
662,Zhang et al. (2014),_Emiliania,_huxleyi,85,coccolithophores,18,1.336
662,Zhang et al. (2014),_Emiliania,_huxleyi,85,coccolithophores,22,1.573
662,Zhang et al. (2014),_Emiliania,_huxleyi,85,coccolithophores,26,1.26
662,Zhang et al. (2014),_Emiliania,_huxleyi,85,coccolithophores,28,0.011
663,Pittera et al. (2014),Synechococcaceae,_Synechococcus,A15-37,cyanobacteria,18,0.116
663,Pittera et al. (2014),Synechococcaceae,_Synechococcus,A15-37,cyanobacteria,19.969,0.469
663,Pittera et al. (2014),Synechococcaceae,_Synechococcus,A15-37,cyanobacteria,21.983,0.676
663,Pittera et al. (2014),Synechococcaceae,_Synechococcus,A15-37,cyanobacteria,24.016,0.759
663,Pittera et al. (2014),Synechococcaceae,_Synechococcus,A15-37,cyanobacteria,25.998,0.843
663,Pittera et al. (2014),Synechococcaceae,_Synechococcus,A15-37,cyanobacteria,27.983,0.861
663,Pittera et al. (2014),Synechococcaceae,_Synechococcus,A15-37,cyanobacteria,29.963,1.021
663,Pittera et al. (2014),Synechococcaceae,_Synechococcus,A15-37,cyanobacteria,31.956,1.701
663,Pittera et al. (2014),Synechococcaceae,_Synechococcus,A15-37,cyanobacteria,33.967,1.677
663,Pittera et al. (2014),Synechococcaceae,_Synechococcus,A15-37,cyanobacteria,34.98,1.105
664,Pittera et al. (2014),Synechococcaceae,_Synechococcus,M16.1,cyanobacteria,17.985,0.446
664,Pittera et al. (2014),Synechococcaceae,_Synechococcus,M16.1,cyanobacteria,19.948,0.687
664,Pittera et al. (2014),Synechococcaceae,_Synechococcus,M16.1,cyanobacteria,22.016,0.931
664,Pittera et al. (2014),Synechococcaceae,_Synechococcus,M16.1,cyanobacteria,23.957,1.034
664,Pittera et al. (2014),Synechococcaceae,_Synechococcus,M16.1,cyanobacteria,25.97,1.296
664,Pittera et al. (2014),Synechococcaceae,_Synechococcus,M16.1,cyanobacteria,27.956,1.574
664,Pittera et al. (2014),Synechococcaceae,_Synechococcus,M16.1,cyanobacteria,29.988,1.778
664,Pittera et al. (2014),Synechococcaceae,_Synechococcus,M16.1,cyanobacteria,31.967,2.026
664,Pittera et al. (2014),Synechococcaceae,_Synechococcus,M16.1,cyanobacteria,33.989,1.905
664,Pittera et al. (2014),Synechococcaceae,_Synechococcus,M16.1,cyanobacteria,34.99,1.267
665,Pittera et al. (2014),Synechococcaceae,_Synechococcus,WH7803,cyanobacteria,15.998,0.127
665,Pittera et al. (2014),Synechococcaceae,_Synechococcus,WH7803,cyanobacteria,17.969,0.498
665,Pittera et al. (2014),Synechococcaceae,_Synechococcus,WH7803,cyanobacteria,19.965,0.775
665,Pittera et al. (2014),Synechococcaceae,_Synechococcus,WH7803,cyanobacteria,21.952,0.922
665,Pittera et al. (2014),Synechococcaceae,_Synechococcus,WH7803,cyanobacteria,23.977,0.944
665,Pittera et al. (2014),Synechococcaceae,_Synechococcus,WH7803,cyanobacteria,25.959,1.175
665,Pittera et al. (2014),Synechococcaceae,_Synechococcus,WH7803,cyanobacteria,27.975,1.289
665,Pittera et al. (2014),Synechococcaceae,_Synechococcus,WH7803,cyanobacteria,29.961,1.576
665,Pittera et al. (2014),Synechococcaceae,_Synechococcus,WH7803,cyanobacteria,31.917,2.261
665,Pittera et al. (2014),Synechococcaceae,_Synechococcus,WH7803,cyanobacteria,33.941,2.501
665,Pittera et al. (2014),Synechococcaceae,_Synechococcus,WH7803,cyanobacteria,34.474,0.603
666,Pittera et al. (2014),Synechococcaceae,_Synechococcus,ROS8604,cyanobacteria,15.924,0.259
666,Pittera et al. (2014),Synechococcaceae,_Synechococcus,ROS8604,cyanobacteria,17.996,0.39
666,Pittera et al. (2014),Synechococcaceae,_Synechococcus,ROS8604,cyanobacteria,19.952,0.549
666,Pittera et al. (2014),Synechococcaceae,_Synechococcus,ROS8604,cyanobacteria,21.922,0.657
666,Pittera et al. (2014),Synechococcaceae,_Synechococcus,ROS8604,cyanobacteria,23.947,0.722
666,Pittera et al. (2014),Synechococcaceae,_Synechococcus,ROS8604,cyanobacteria,25.877,0.833
666,Pittera et al. (2014),Synechococcaceae,_Synechococcus,ROS8604,cyanobacteria,29.957,0.546
666,Pittera et al. (2014),Synechococcaceae,_Synechococcus,ROS8604,cyanobacteria,31.949,0.003
667,Pittera et al. (2014),Synechococcaceae,_Synechococcus,MVIR-16-2,cyanobacteria,11.995,0.275
667,Pittera et al. (2014),Synechococcaceae,_Synechococcus,MVIR-16-2,cyanobacteria,13.967,0.547
667,Pittera et al. (2014),Synechococcaceae,_Synechococcus,MVIR-16-2,cyanobacteria,15.946,0.663
667,Pittera et al. (2014),Synechococcaceae,_Synechococcus,MVIR-16-2,cyanobacteria,17.945,0.757
667,Pittera et al. (2014),Synechococcaceae,_Synechococcus,MVIR-16-2,cyanobacteria,19.953,0.841
667,Pittera et al. (2014),Synechococcaceae,_Synechococcus,MVIR-16-2,cyanobacteria,21.931,1
667,Pittera et al. (2014),Synechococcaceae,_Synechococcus,MVIR-16-2,cyanobacteria,23.954,0.958
667,Pittera et al. (2014),Synechococcaceae,_Synechococcus,MVIR-16-2,cyanobacteria,24.957,0.777
668,Pittera et al. (2014),Synechococcaceae,_Synechococcus,MVIR-18-1,cyanobacteria,9.962,0.235
668,Pittera et al. (2014),Synechococcaceae,_Synechococcus,MVIR-18-1,cyanobacteria,11.96,0.323
668,Pittera et al. (2014),Synechococcaceae,_Synechococcus,MVIR-18-1,cyanobacteria,13.949,0.395
668,Pittera et al. (2014),Synechococcaceae,_Synechococcus,MVIR-18-1,cyanobacteria,15.967,0.435
668,Pittera et al. (2014),Synechococcaceae,_Synechococcus,MVIR-18-1,cyanobacteria,17.93,0.598
668,Pittera et al. (2014),Synechococcaceae,_Synechococcus,MVIR-18-1,cyanobacteria,19.955,0.727
668,Pittera et al. (2014),Synechococcaceae,_Synechococcus,MVIR-18-1,cyanobacteria,21.932,0.824
668,Pittera et al. (2014),Synechococcaceae,_Synechococcus,MVIR-18-1,cyanobacteria,23.945,0.823
668,Pittera et al. (2014),Synechococcaceae,_Synechococcus,MVIR-18-1,cyanobacteria,24.968,0.614
668,Pittera et al. (2014),Synechococcaceae,_Synechococcus,MVIR-18-1,cyanobacteria,25.997,0.003
669,Boyd (2019),proboscia,nd,PP.SO.17.01,diatoms,0,0.28
669,Boyd (2019),proboscia,nd,PP.SO.17.01,diatoms,1.5,0.342
669,Boyd (2019),proboscia,nd,PP.SO.17.01,diatoms,3,0.362
669,Boyd (2019),proboscia,nd,PP.SO.17.01,diatoms,4.5,0.453
669,Boyd (2019),proboscia,nd,PP.SO.17.01,diatoms,6,0.451
669,Boyd (2019),proboscia,nd,PP.SO.17.01,diatoms,7.5,0.138
670,Boyd (2019),Nitzschia,stellata,NST.DS.16.01,diatoms,-0.984,0.583
670,Boyd (2019),Nitzschia,stellata,NST.DS.16.01,diatoms,1.034,0.641
670,Boyd (2019),Nitzschia,stellata,NST.DS.16.01,diatoms,2.021,0.784
670,Boyd (2019),Nitzschia,stellata,NST.DS.16.01,diatoms,3.04,0.864
670,Boyd (2019),Nitzschia,stellata,NST.DS.16.01,diatoms,4.043,0.885
670,Boyd (2019),Nitzschia,stellata,NST.DS.16.01,diatoms,5.047,0.844
670,Boyd (2019),Nitzschia,stellata,NST.DS.16.01,diatoms,6.015,0.812
670,Boyd (2019),Nitzschia,stellata,NST.DS.16.01,diatoms,7.019,0.774
670,Boyd (2019),Nitzschia,stellata,NST.DS.16.01,diatoms,8.017,0.431
670,Boyd (2019),Nitzschia,stellata,NST.DS.16.01,diatoms,9.025,0.343
670,Boyd (2019),Nitzschia,stellata,NST.DS.16.01,diatoms,10.05,0.222
670,Boyd (2019),Nitzschia,stellata,NST.DS.16.01,diatoms,11.052,0.142
671,Boyd (2019),Pseudonitzschia,nd,PN.004,diatoms,0.017,0.372
671,Boyd (2019),Pseudonitzschia,nd,PN.004,diatoms,1.528,0.424
671,Boyd (2019),Pseudonitzschia,nd,PN.004,diatoms,3.024,0.543
671,Boyd (2019),Pseudonitzschia,nd,PN.004,diatoms,4.501,0.682
671,Boyd (2019),Pseudonitzschia,nd,PN.004,diatoms,6.027,0.831
671,Boyd (2019),Pseudonitzschia,nd,PN.004,diatoms,7.543,0.923
671,Boyd (2019),Pseudonitzschia,nd,PN.004,diatoms,9.034,0.843
671,Boyd (2019),Pseudonitzschia,nd,PN.004,diatoms,10.576,0.428
671,Boyd (2019),Pseudonitzschia,nd,PN.004,diatoms,12.049,0.212
671,Boyd (2019),Pseudonitzschia,nd,PN.004,diatoms,13.532,0.001
672,Boyd (2019),Chaetoceros,neglectus,CN.001,diatoms,1.045,0.217
672,Boyd (2019),Chaetoceros,neglectus,CN.001,diatoms,2.423,0.229
672,Boyd (2019),Chaetoceros,neglectus,CN.001,diatoms,4.152,0.323
672,Boyd (2019),Chaetoceros,neglectus,CN.001,diatoms,5.854,0.37
672,Boyd (2019),Chaetoceros,neglectus,CN.001,diatoms,7.452,0.43
672,Boyd (2019),Chaetoceros,neglectus,CN.001,diatoms,8.867,0.459
672,Boyd (2019),Chaetoceros,neglectus,CN.001,diatoms,10.261,0.541
672,Boyd (2019),Chaetoceros,neglectus,CN.001,diatoms,11.472,0.607
672,Boyd (2019),Chaetoceros,neglectus,CN.001,diatoms,12.757,0.672
672,Boyd (2019),Chaetoceros,neglectus,CN.001,diatoms,14.288,0.781
672,Boyd (2019),Chaetoceros,neglectus,CN.001,diatoms,16.073,0.902
672,Boyd (2019),Chaetoceros,neglectus,CN.001,diatoms,18.087,0.912
672,Boyd (2019),Chaetoceros,neglectus,CN.001,diatoms,20.071,0.604
672,Boyd (2019),Chaetoceros,neglectus,CN.001,diatoms,22.043,0.324
672,Boyd (2019),Chaetoceros,neglectus,CN.001,diatoms,24.011,0.002
673,Kling et al in press,Synechococcaceae,Synechococcus,LA101,cyanobacteria,15,0.039008322
673,Kling et al in press,Synechococcaceae,Synechococcus,LA101,cyanobacteria,23,0.167314875
673,Kling et al in press,Synechococcaceae,Synechococcus,LA101,cyanobacteria,23,0.188661025
673,Kling et al in press,Synechococcaceae,Synechococcus,LA101,cyanobacteria,23,0.124834029
673,Kling et al in press,Synechococcaceae,Synechococcus,LA101,cyanobacteria,25,0.352096949
673,Kling et al in press,Synechococcaceae,Synechococcus,LA101,cyanobacteria,25,0.358729794
673,Kling et al in press,Synechococcaceae,Synechococcus,LA101,cyanobacteria,25,0.39053646
673,Kling et al in press,Synechococcaceae,Synechococcus,LA101,cyanobacteria,27,0.228630945
673,Kling et al in press,Synechococcaceae,Synechococcus,LA101,cyanobacteria,27,0.267648139
673,Kling et al in press,Synechococcaceae,Synechococcus,LA101,cyanobacteria,27,0.255250043
673,Kling et al in press,Synechococcaceae,Synechococcus,LA101,cyanobacteria,29,0.790457618
673,Kling et al in press,Synechococcaceae,Synechococcus,LA101,cyanobacteria,29,0.695086218
673,Kling et al in press,Synechococcaceae,Synechococcus,LA101,cyanobacteria,29,0.688480517
673,Kling et al in press,Synechococcaceae,Synechococcus,LA101,cyanobacteria,31,0.629986848
673,Kling et al in press,Synechococcaceae,Synechococcus,LA101,cyanobacteria,31,0.716266608
673,Kling et al in press,Synechococcaceae,Synechococcus,LA101,cyanobacteria,31,0.478237839
673,Kling et al in press,Synechococcaceae,Synechococcus,LA101,cyanobacteria,33,0.385512445
673,Kling et al in press,Synechococcaceae,Synechococcus,LA101,cyanobacteria,33,0.456751177
673,Kling et al in press,Synechococcaceae,Synechococcus,LA101,cyanobacteria,33,0.523520486
673,Kling et al in press,Synechococcaceae,Synechococcus,LA101,cyanobacteria,35,0.175930554
673,Kling et al in press,Synechococcaceae,Synechococcus,LA101,cyanobacteria,35,0.102757315
673,Kling et al in press,Synechococcaceae,Synechococcus,LA101,cyanobacteria,35,0.061306344
674,Kling et al in press,Synechococcaceae,Synechococcus,LA103,cyanobacteria,15,0.020717131
674,Kling et al in press,Synechococcaceae,Synechococcus,LA103,cyanobacteria,18,0.072100268
674,Kling et al in press,Synechococcaceae,Synechococcus,LA103,cyanobacteria,18,0.032998976
674,Kling et al in press,Synechococcaceae,Synechococcus,LA103,cyanobacteria,18,0.133461328
674,Kling et al in press,Synechococcaceae,Synechococcus,LA103,cyanobacteria,21,0.149358638
674,Kling et al in press,Synechococcaceae,Synechococcus,LA103,cyanobacteria,21,0.196270432
674,Kling et al in press,Synechococcaceae,Synechococcus,LA103,cyanobacteria,21,0.213463524
674,Kling et al in press,Synechococcaceae,Synechococcus,LA103,cyanobacteria,23,0.29947332
674,Kling et al in press,Synechococcaceae,Synechococcus,LA103,cyanobacteria,23,0.316309912
674,Kling et al in press,Synechococcaceae,Synechococcus,LA103,cyanobacteria,23,0.293806952
674,Kling et al in press,Synechococcaceae,Synechococcus,LA103,cyanobacteria,25,0.179884246
674,Kling et al in press,Synechococcaceae,Synechococcus,LA103,cyanobacteria,25,0.23833323
674,Kling et al in press,Synechococcaceae,Synechococcus,LA103,cyanobacteria,25,0.131723861
674,Kling et al in press,Synechococcaceae,Synechococcus,LA103,cyanobacteria,27,0.355369177
674,Kling et al in press,Synechococcaceae,Synechococcus,LA103,cyanobacteria,27,0.786535637
674,Kling et al in press,Synechococcaceae,Synechococcus,LA103,cyanobacteria,27,0.757647804
674,Kling et al in press,Synechococcaceae,Synechococcus,LA103,cyanobacteria,29,0.55025287
674,Kling et al in press,Synechococcaceae,Synechococcus,LA103,cyanobacteria,29,0.100820362
674,Kling et al in press,Synechococcaceae,Synechococcus,LA103,cyanobacteria,29,0.559584111
674,Kling et al in press,Synechococcaceae,Synechococcus,LA103,cyanobacteria,31,0.739402184
674,Kling et al in press,Synechococcaceae,Synechococcus,LA103,cyanobacteria,31,0.614239743
674,Kling et al in press,Synechococcaceae,Synechococcus,LA103,cyanobacteria,33,0.76181322
674,Kling et al in press,Synechococcaceae,Synechococcus,LA103,cyanobacteria,33,0.708287838
674,Kling et al in press,Synechococcaceae,Synechococcus,LA103,cyanobacteria,33,0.668249531
674,Kling et al in press,Synechococcaceae,Synechococcus,LA103,cyanobacteria,35,0.170778028
674,Kling et al in press,Synechococcaceae,Synechococcus,LA103,cyanobacteria,35,0.251522328
675,Kling et al in press,Synechococcaceae,Synechococcus,LA117,cyanobacteria,9,0.004423951
675,Kling et al in press,Synechococcaceae,Synechococcus,LA117,cyanobacteria,12,0.022579478
675,Kling et al in press,Synechococcaceae,Synechococcus,LA117,cyanobacteria,12,0.02074737
675,Kling et al in press,Synechococcaceae,Synechococcus,LA117,cyanobacteria,12,0.024506801
675,Kling et al in press,Synechococcaceae,Synechococcus,LA117,cyanobacteria,18,0.16488043
675,Kling et al in press,Synechococcaceae,Synechococcus,LA117,cyanobacteria,18,0.219018807
675,Kling et al in press,Synechococcaceae,Synechococcus,LA117,cyanobacteria,18,0.245652125
675,Kling et al in press,Synechococcaceae,Synechococcus,LA117,cyanobacteria,21,0.241199297
675,Kling et al in press,Synechococcaceae,Synechococcus,LA117,cyanobacteria,21,0.403815135
675,Kling et al in press,Synechococcaceae,Synechococcus,LA117,cyanobacteria,21,0.19662673
675,Kling et al in press,Synechococcaceae,Synechococcus,LA117,cyanobacteria,22,0.342885754
675,Kling et al in press,Synechococcaceae,Synechococcus,LA117,cyanobacteria,22,0.305883837
675,Kling et al in press,Synechococcaceae,Synechococcus,LA117,cyanobacteria,22,0.376874188
675,Kling et al in press,Synechococcaceae,Synechococcus,LA117,cyanobacteria,24,0.331465979
675,Kling et al in press,Synechococcaceae,Synechococcus,LA117,cyanobacteria,24,0.288791108
675,Kling et al in press,Synechococcaceae,Synechococcus,LA117,cyanobacteria,24,0.188240642
675,Kling et al in press,Synechococcaceae,Synechococcus,LA117,cyanobacteria,27,0.298868888
675,Kling et al in press,Synechococcaceae,Synechococcus,LA117,cyanobacteria,27,0.213850813
675,Kling et al in press,Synechococcaceae,Synechococcus,LA117,cyanobacteria,27,0.188498403
675,Kling et al in press,Synechococcaceae,Synechococcus,LA117,cyanobacteria,29,0.198410445
675,Kling et al in press,Synechococcaceae,Synechococcus,LA117,cyanobacteria,29,0.232731647
675,Kling et al in press,Synechococcaceae,Synechococcus,LA117,cyanobacteria,29,0.192196661
675,Kling et al in press,Synechococcaceae,Synechococcus,LA117,cyanobacteria,31,0.468971216
675,Kling et al in press,Synechococcaceae,Synechococcus,LA117,cyanobacteria,31,0.407071537
675,Kling et al in press,Synechococcaceae,Synechococcus,LA117,cyanobacteria,31,0.47235534
675,Kling et al in press,Synechococcaceae,Synechococcus,LA117,cyanobacteria,35,0.068576451
675,Kling et al in press,Synechococcaceae,Synechococcus,LA117,cyanobacteria,35,0.059008662
675,Kling et al in press,Synechococcaceae,Synechococcus,LA117,cyanobacteria,35,0.075814202
676,Kling et al in press,Synechococcaceae,Synechococcus,LA126,cyanobacteria,18,0.137156606
676,Kling et al in press,Synechococcaceae,Synechococcus,LA126,cyanobacteria,18,0.175233183
676,Kling et al in press,Synechococcaceae,Synechococcus,LA126,cyanobacteria,18,0.160276494
676,Kling et al in press,Synechococcaceae,Synechococcus,LA126,cyanobacteria,21,0.230722923
676,Kling et al in press,Synechococcaceae,Synechococcus,LA126,cyanobacteria,21,0.150556335
676,Kling et al in press,Synechococcaceae,Synechococcus,LA126,cyanobacteria,21,0.2501159
676,Kling et al in press,Synechococcaceae,Synechococcus,LA126,cyanobacteria,23,0.355247415
676,Kling et al in press,Synechococcaceae,Synechococcus,LA126,cyanobacteria,23,0.43454711
676,Kling et al in press,Synechococcaceae,Synechococcus,LA126,cyanobacteria,23,0.285542389
676,Kling et al in press,Synechococcaceae,Synechococcus,LA126,cyanobacteria,25,0.265106827
676,Kling et al in press,Synechococcaceae,Synechococcus,LA126,cyanobacteria,25,0.379420813
676,Kling et al in press,Synechococcaceae,Synechococcus,LA126,cyanobacteria,25,0.354122925
676,Kling et al in press,Synechococcaceae,Synechococcus,LA126,cyanobacteria,27,0.414190903
676,Kling et al in press,Synechococcaceae,Synechococcus,LA126,cyanobacteria,27,0.453383278
676,Kling et al in press,Synechococcaceae,Synechococcus,LA126,cyanobacteria,27,0.386805871
676,Kling et al in press,Synechococcaceae,Synechococcus,LA126,cyanobacteria,29,0.308139995
676,Kling et al in press,Synechococcaceae,Synechococcus,LA126,cyanobacteria,29,0.159499039
676,Kling et al in press,Synechococcaceae,Synechococcus,LA126,cyanobacteria,29,0.165471844
676,Kling et al in press,Synechococcaceae,Synechococcus,LA126,cyanobacteria,31,0.422551071
676,Kling et al in press,Synechococcaceae,Synechococcus,LA126,cyanobacteria,31,0.375559911
676,Kling et al in press,Synechococcaceae,Synechococcus,LA126,cyanobacteria,31,0.383294883
676,Kling et al in press,Synechococcaceae,Synechococcus,LA126,cyanobacteria,33,0.635853917
676,Kling et al in press,Synechococcaceae,Synechococcus,LA126,cyanobacteria,33,0.726621443
676,Kling et al in press,Synechococcaceae,Synechococcus,LA126,cyanobacteria,33,0.655905954
676,Kling et al in press,Synechococcaceae,Synechococcus,LA126,cyanobacteria,35,0.003335432
676,Kling et al in press,Synechococcaceae,Synechococcus,LA126,cyanobacteria,35,0.003415611
676,Kling et al in press,Synechococcaceae,Synechococcus,LA126,cyanobacteria,35,0.002905206
677,Kling et al in press,Synechococcaceae,Synechococcus,LA127,cyanobacteria,18,0.32748524
677,Kling et al in press,Synechococcaceae,Synechococcus,LA127,cyanobacteria,18,0.355067355
677,Kling et al in press,Synechococcaceae,Synechococcus,LA127,cyanobacteria,18,0.331190984
677,Kling et al in press,Synechococcaceae,Synechococcus,LA127,cyanobacteria,21,0.363272408
677,Kling et al in press,Synechococcaceae,Synechococcus,LA127,cyanobacteria,21,0.434308702
677,Kling et al in press,Synechococcaceae,Synechococcus,LA127,cyanobacteria,21,0.431040314
677,Kling et al in press,Synechococcaceae,Synechococcus,LA127,cyanobacteria,22,0.386636816
677,Kling et al in press,Synechococcaceae,Synechococcus,LA127,cyanobacteria,22,0.360079415
677,Kling et al in press,Synechococcaceae,Synechococcus,LA127,cyanobacteria,22,0.348601568
677,Kling et al in press,Synechococcaceae,Synechococcus,LA127,cyanobacteria,23,0.573387631
677,Kling et al in press,Synechococcaceae,Synechococcus,LA127,cyanobacteria,23,0.566697344
677,Kling et al in press,Synechococcaceae,Synechococcus,LA127,cyanobacteria,23,0.623310823
677,Kling et al in press,Synechococcaceae,Synechococcus,LA127,cyanobacteria,25,0.602851077
677,Kling et al in press,Synechococcaceae,Synechococcus,LA127,cyanobacteria,25,0.624383788
677,Kling et al in press,Synechococcaceae,Synechococcus,LA127,cyanobacteria,25,0.661699573
677,Kling et al in press,Synechococcaceae,Synechococcus,LA127,cyanobacteria,27,0.698873497
677,Kling et al in press,Synechococcaceae,Synechococcus,LA127,cyanobacteria,27,0.688227903
677,Kling et al in press,Synechococcaceae,Synechococcus,LA127,cyanobacteria,27,0.692166834
677,Kling et al in press,Synechococcaceae,Synechococcus,LA127,cyanobacteria,29,0.70320394
677,Kling et al in press,Synechococcaceae,Synechococcus,LA127,cyanobacteria,29,0.587722008
677,Kling et al in press,Synechococcaceae,Synechococcus,LA127,cyanobacteria,29,0.612946129
677,Kling et al in press,Synechococcaceae,Synechococcus,LA127,cyanobacteria,31,0.69865924
677,Kling et al in press,Synechococcaceae,Synechococcus,LA127,cyanobacteria,31,0.725581613
677,Kling et al in press,Synechococcaceae,Synechococcus,LA127,cyanobacteria,31,0.731218984
677,Kling et al in press,Synechococcaceae,Synechococcus,LA127,cyanobacteria,33,0.695242834
677,Kling et al in press,Synechococcaceae,Synechococcus,LA127,cyanobacteria,33,0.630496261
677,Kling et al in press,Synechococcaceae,Synechococcus,LA127,cyanobacteria,33,0.739237985
677,Kling et al in press,Synechococcaceae,Synechococcus,LA127,cyanobacteria,35,0.030966893
677,Kling et al in press,Synechococcaceae,Synechococcus,LA127,cyanobacteria,35,0.070181441
677,Kling et al in press,Synechococcaceae,Synechococcus,LA127,cyanobacteria,35,0.053515154
678,Kling et al in press,Synechococcaceae,Synechococcus,LA20,cyanobacteria,15,0.107919206
678,Kling et al in press,Synechococcaceae,Synechococcus,LA20,cyanobacteria,15,0.132079666
678,Kling et al in press,Synechococcaceae,Synechococcus,LA20,cyanobacteria,15,0.002825652
678,Kling et al in press,Synechococcaceae,Synechococcus,LA20,cyanobacteria,18,0.101434334
678,Kling et al in press,Synechococcaceae,Synechococcus,LA20,cyanobacteria,18,0.0648439
678,Kling et al in press,Synechococcaceae,Synechococcus,LA20,cyanobacteria,18,0.121826397
678,Kling et al in press,Synechococcaceae,Synechococcus,LA20,cyanobacteria,21,0.102243896
678,Kling et al in press,Synechococcaceae,Synechococcus,LA20,cyanobacteria,21,0.068712451
678,Kling et al in press,Synechococcaceae,Synechococcus,LA20,cyanobacteria,21,0.120949076
678,Kling et al in press,Synechococcaceae,Synechococcus,LA20,cyanobacteria,23,0.245703769
678,Kling et al in press,Synechococcaceae,Synechococcus,LA20,cyanobacteria,23,0.255412812
678,Kling et al in press,Synechococcaceae,Synechococcus,LA20,cyanobacteria,23,0.087176694
678,Kling et al in press,Synechococcaceae,Synechococcus,LA20,cyanobacteria,25,0.459621449
678,Kling et al in press,Synechococcaceae,Synechococcus,LA20,cyanobacteria,25,0.556752099
678,Kling et al in press,Synechococcaceae,Synechococcus,LA20,cyanobacteria,25,0.351352868
678,Kling et al in press,Synechococcaceae,Synechococcus,LA20,cyanobacteria,27,0.81263384
678,Kling et al in press,Synechococcaceae,Synechococcus,LA20,cyanobacteria,27,0.810777509
678,Kling et al in press,Synechococcaceae,Synechococcus,LA20,cyanobacteria,27,0.761370944
678,Kling et al in press,Synechococcaceae,Synechococcus,LA20,cyanobacteria,29,0.688151661
678,Kling et al in press,Synechococcaceae,Synechococcus,LA20,cyanobacteria,29,0.697748611
678,Kling et al in press,Synechococcaceae,Synechococcus,LA20,cyanobacteria,29,0.657485764
678,Kling et al in press,Synechococcaceae,Synechococcus,LA20,cyanobacteria,31,0.77303438
678,Kling et al in press,Synechococcaceae,Synechococcus,LA20,cyanobacteria,31,0.208499432
678,Kling et al in press,Synechococcaceae,Synechococcus,LA20,cyanobacteria,31,0.738798899
678,Kling et al in press,Synechococcaceae,Synechococcus,LA20,cyanobacteria,33,0.392848001
678,Kling et al in press,Synechococcaceae,Synechococcus,LA20,cyanobacteria,33,0.326248643
678,Kling et al in press,Synechococcaceae,Synechococcus,LA20,cyanobacteria,33,0.432740479
679,Kling et al in press,Synechococcaceae,Synechococcus,LA21,cyanobacteria,18,0.176952976
679,Kling et al in press,Synechococcaceae,Synechococcus,LA21,cyanobacteria,18,0.163740001
679,Kling et al in press,Synechococcaceae,Synechococcus,LA21,cyanobacteria,18,0.137869705
679,Kling et al in press,Synechococcaceae,Synechococcus,LA21,cyanobacteria,21,0.1457716
679,Kling et al in press,Synechococcaceae,Synechococcus,LA21,cyanobacteria,21,0.188516054
679,Kling et al in press,Synechococcaceae,Synechococcus,LA21,cyanobacteria,21,0.229845484
679,Kling et al in press,Synechococcaceae,Synechococcus,LA21,cyanobacteria,23,0.2832567
679,Kling et al in press,Synechococcaceae,Synechococcus,LA21,cyanobacteria,23,0.220561486
679,Kling et al in press,Synechococcaceae,Synechococcus,LA21,cyanobacteria,23,0.266572326
679,Kling et al in press,Synechococcaceae,Synechococcus,LA21,cyanobacteria,25,0.356851106
679,Kling et al in press,Synechococcaceae,Synechococcus,LA21,cyanobacteria,25,0.324872043
679,Kling et al in press,Synechococcaceae,Synechococcus,LA21,cyanobacteria,25,0.217147522
679,Kling et al in press,Synechococcaceae,Synechococcus,LA21,cyanobacteria,27,0.302976294
679,Kling et al in press,Synechococcaceae,Synechococcus,LA21,cyanobacteria,27,0.350874751
679,Kling et al in press,Synechococcaceae,Synechococcus,LA21,cyanobacteria,29,0.288649666
679,Kling et al in press,Synechococcaceae,Synechococcus,LA21,cyanobacteria,29,0.293265897
679,Kling et al in press,Synechococcaceae,Synechococcus,LA21,cyanobacteria,29,0.214888786
679,Kling et al in press,Synechococcaceae,Synechococcus,LA21,cyanobacteria,31,0.204932839
679,Kling et al in press,Synechococcaceae,Synechococcus,LA21,cyanobacteria,31,0.237745801
679,Kling et al in press,Synechococcaceae,Synechococcus,LA21,cyanobacteria,31,0.186170843
679,Kling et al in press,Synechococcaceae,Synechococcus,LA21,cyanobacteria,33,0.14331218
679,Kling et al in press,Synechococcaceae,Synechococcus,LA21,cyanobacteria,33,0.024600274
679,Kling et al in press,Synechococcaceae,Synechococcus,LA21,cyanobacteria,33,0.026425577
680,Kling et al in press,Synechococcaceae,Synechococcus,LA27,cyanobacteria,18,0.146101328
680,Kling et al in press,Synechococcaceae,Synechococcus,LA27,cyanobacteria,18,0.199981192
680,Kling et al in press,Synechococcaceae,Synechococcus,LA27,cyanobacteria,18,0.352121529
680,Kling et al in press,Synechococcaceae,Synechococcus,LA27,cyanobacteria,21,0.363217237
680,Kling et al in press,Synechococcaceae,Synechococcus,LA27,cyanobacteria,21,0.45989301
680,Kling et al in press,Synechococcaceae,Synechococcus,LA27,cyanobacteria,21,0.196243149
680,Kling et al in press,Synechococcaceae,Synechococcus,LA27,cyanobacteria,25,0.335117082
680,Kling et al in press,Synechococcaceae,Synechococcus,LA27,cyanobacteria,25,0.436114414
680,Kling et al in press,Synechococcaceae,Synechococcus,LA27,cyanobacteria,25,0.461988228
680,Kling et al in press,Synechococcaceae,Synechococcus,LA27,cyanobacteria,27,0.332645155
680,Kling et al in press,Synechococcaceae,Synechococcus,LA27,cyanobacteria,27,0.404221376
680,Kling et al in press,Synechococcaceae,Synechococcus,LA27,cyanobacteria,27,0.354834795
680,Kling et al in press,Synechococcaceae,Synechococcus,LA27,cyanobacteria,29,0.321392733
680,Kling et al in press,Synechococcaceae,Synechococcus,LA27,cyanobacteria,29,0.292762049
680,Kling et al in press,Synechococcaceae,Synechococcus,LA27,cyanobacteria,29,0.318325211
681,Kling et al in press,Synechococcaceae,Synechococcus,LA29,cyanobacteria,18,0.120327847
681,Kling et al in press,Synechococcaceae,Synechococcus,LA29,cyanobacteria,18,0.161149245
681,Kling et al in press,Synechococcaceae,Synechococcus,LA29,cyanobacteria,18,0.025919234
681,Kling et al in press,Synechococcaceae,Synechococcus,LA29,cyanobacteria,21,0.416479864
681,Kling et al in press,Synechococcaceae,Synechococcus,LA29,cyanobacteria,21,0.450176574
681,Kling et al in press,Synechococcaceae,Synechococcus,LA29,cyanobacteria,21,0.437360215
681,Kling et al in press,Synechococcaceae,Synechococcus,LA29,cyanobacteria,25,0.430689033
681,Kling et al in press,Synechococcaceae,Synechococcus,LA29,cyanobacteria,25,0.530802655
681,Kling et al in press,Synechococcaceae,Synechococcus,LA29,cyanobacteria,25,0.478730578
681,Kling et al in press,Synechococcaceae,Synechococcus,LA29,cyanobacteria,27,0.472921987
681,Kling et al in press,Synechococcaceae,Synechococcus,LA29,cyanobacteria,27,0.420854939
681,Kling et al in press,Synechococcaceae,Synechococcus,LA29,cyanobacteria,27,0.412192246
681,Kling et al in press,Synechococcaceae,Synechococcus,LA29,cyanobacteria,31,0.426665062
681,Kling et al in press,Synechococcaceae,Synechococcus,LA29,cyanobacteria,31,0.485899378
681,Kling et al in press,Synechococcaceae,Synechococcus,LA29,cyanobacteria,31,0.37356781
681,Kling et al in press,Synechococcaceae,Synechococcus,LA29,cyanobacteria,33,0.19835643
681,Kling et al in press,Synechococcaceae,Synechococcus,LA29,cyanobacteria,33,0.055627156
681,Kling et al in press,Synechococcaceae,Synechococcus,LA29,cyanobacteria,33,0.316743685
682,Kling et al in press,Synechococcaceae,Synechococcus,LA3,cyanobacteria,12,0.025260676
682,Kling et al in press,Synechococcaceae,Synechococcus,LA3,cyanobacteria,15,0.095485169
682,Kling et al in press,Synechococcaceae,Synechococcus,LA3,cyanobacteria,15,0.105428396
682,Kling et al in press,Synechococcaceae,Synechococcus,LA3,cyanobacteria,15,0.157968852
682,Kling et al in press,Synechococcaceae,Synechococcus,LA3,cyanobacteria,21,0.182089609
682,Kling et al in press,Synechococcaceae,Synechococcus,LA3,cyanobacteria,21,0.180044198
682,Kling et al in press,Synechococcaceae,Synechococcus,LA3,cyanobacteria,21,0.138903652
682,Kling et al in press,Synechococcaceae,Synechococcus,LA3,cyanobacteria,22,0.425256357
682,Kling et al in press,Synechococcaceae,Synechococcus,LA3,cyanobacteria,22,0.483096721
682,Kling et al in press,Synechococcaceae,Synechococcus,LA3,cyanobacteria,22,0.435143779
682,Kling et al in press,Synechococcaceae,Synechococcus,LA3,cyanobacteria,23,0.21934961
682,Kling et al in press,Synechococcaceae,Synechococcus,LA3,cyanobacteria,23,0.545603624
682,Kling et al in press,Synechococcaceae,Synechococcus,LA3,cyanobacteria,23,0.354137806
682,Kling et al in press,Synechococcaceae,Synechococcus,LA3,cyanobacteria,24,0.328492115
682,Kling et al in press,Synechococcaceae,Synechococcus,LA3,cyanobacteria,24,0.245237934
682,Kling et al in press,Synechococcaceae,Synechococcus,LA3,cyanobacteria,24,0.282987001
682,Kling et al in press,Synechococcaceae,Synechococcus,LA3,cyanobacteria,25,0.458134126
682,Kling et al in press,Synechococcaceae,Synechococcus,LA3,cyanobacteria,25,0.463964343
682,Kling et al in press,Synechococcaceae,Synechococcus,LA3,cyanobacteria,25,0.399118727
682,Kling et al in press,Synechococcaceae,Synechococcus,LA3,cyanobacteria,29,0.366788526
682,Kling et al in press,Synechococcaceae,Synechococcus,LA3,cyanobacteria,29,0.39598591
682,Kling et al in press,Synechococcaceae,Synechococcus,LA3,cyanobacteria,31,0.399777194
682,Kling et al in press,Synechococcaceae,Synechococcus,LA3,cyanobacteria,31,0.508138653
682,Kling et al in press,Synechococcaceae,Synechococcus,LA3,cyanobacteria,31,0.439553807
682,Kling et al in press,Synechococcaceae,Synechococcus,LA3,cyanobacteria,33,0.140904335
682,Kling et al in press,Synechococcaceae,Synechococcus,LA3,cyanobacteria,33,0.103270112
682,Kling et al in press,Synechococcaceae,Synechococcus,LA3,cyanobacteria,33,0.096092973
683,Kling et al in press,Synechococcaceae,Synechococcus,LA31,cyanobacteria,21,0.606349953
683,Kling et al in press,Synechococcaceae,Synechococcus,LA31,cyanobacteria,21,0.662626655
683,Kling et al in press,Synechococcaceae,Synechococcus,LA31,cyanobacteria,21,0.514288222
683,Kling et al in press,Synechococcaceae,Synechococcus,LA31,cyanobacteria,22,0.254354857
683,Kling et al in press,Synechococcaceae,Synechococcus,LA31,cyanobacteria,22,0.261083399
683,Kling et al in press,Synechococcaceae,Synechococcus,LA31,cyanobacteria,22,0.28361956
683,Kling et al in press,Synechococcaceae,Synechococcus,LA31,cyanobacteria,23,0.543332029
683,Kling et al in press,Synechococcaceae,Synechococcus,LA31,cyanobacteria,24,0.268699763
683,Kling et al in press,Synechococcaceae,Synechococcus,LA31,cyanobacteria,24,0.240538821
683,Kling et al in press,Synechococcaceae,Synechococcus,LA31,cyanobacteria,24,0.295926105
683,Kling et al in press,Synechococcaceae,Synechococcus,LA31,cyanobacteria,25,0.740154447
683,Kling et al in press,Synechococcaceae,Synechococcus,LA31,cyanobacteria,25,0.743996716
683,Kling et al in press,Synechococcaceae,Synechococcus,LA31,cyanobacteria,25,0.664100832
683,Kling et al in press,Synechococcaceae,Synechococcus,LA31,cyanobacteria,27,0.635223923
683,Kling et al in press,Synechococcaceae,Synechococcus,LA31,cyanobacteria,27,0.412411966
683,Kling et al in press,Synechococcaceae,Synechococcus,LA31,cyanobacteria,27,0.508572792
683,Kling et al in press,Synechococcaceae,Synechococcus,LA31,cyanobacteria,29,0.72018473
683,Kling et al in press,Synechococcaceae,Synechococcus,LA31,cyanobacteria,29,0.7254082
683,Kling et al in press,Synechococcaceae,Synechococcus,LA31,cyanobacteria,29,0.72026036
683,Kling et al in press,Synechococcaceae,Synechococcus,LA31,cyanobacteria,31,0.207947446
683,Kling et al in press,Synechococcaceae,Synechococcus,LA31,cyanobacteria,31,0.359659595
683,Kling et al in press,Synechococcaceae,Synechococcus,LA31,cyanobacteria,31,0.042386499
684,Aranguren-Gassis et al. 2019,Chaetoceros,simplex,CCMP200,diatoms,12,0.434794064
684,Aranguren-Gassis et al. 2019,Chaetoceros,simplex,CCMP200,diatoms,12,0.274130268
684,Aranguren-Gassis et al. 2019,Chaetoceros,simplex,CCMP200,diatoms,12,0.302424025
684,Aranguren-Gassis et al. 2019,Chaetoceros,simplex,CCMP200,diatoms,12,0.168603297
684,Aranguren-Gassis et al. 2019,Chaetoceros,simplex,CCMP200,diatoms,20,0.637017658
684,Aranguren-Gassis et al. 2019,Chaetoceros,simplex,CCMP200,diatoms,20,0.549946624
684,Aranguren-Gassis et al. 2019,Chaetoceros,simplex,CCMP200,diatoms,20,0.740144329
684,Aranguren-Gassis et al. 2019,Chaetoceros,simplex,CCMP200,diatoms,20,0.652515042
684,Aranguren-Gassis et al. 2019,Chaetoceros,simplex,CCMP200,diatoms,25,0.588660483
684,Aranguren-Gassis et al. 2019,Chaetoceros,simplex,CCMP200,diatoms,25,0.709199061
684,Aranguren-Gassis et al. 2019,Chaetoceros,simplex,CCMP200,diatoms,25,0.595111351
684,Aranguren-Gassis et al. 2019,Chaetoceros,simplex,CCMP200,diatoms,25,0.545746565
684,Aranguren-Gassis et al. 2019,Chaetoceros,simplex,CCMP200,diatoms,29,0.87685802
684,Aranguren-Gassis et al. 2019,Chaetoceros,simplex,CCMP200,diatoms,29,0.845693942
684,Aranguren-Gassis et al. 2019,Chaetoceros,simplex,CCMP200,diatoms,29,0.868248371
684,Aranguren-Gassis et al. 2019,Chaetoceros,simplex,CCMP200,diatoms,29,0.853929387
684,Aranguren-Gassis et al. 2019,Chaetoceros,simplex,CCMP200,diatoms,31,0.804464695
684,Aranguren-Gassis et al. 2019,Chaetoceros,simplex,CCMP200,diatoms,31,0.816479669
684,Aranguren-Gassis et al. 2019,Chaetoceros,simplex,CCMP200,diatoms,31,0.778491635
684,Aranguren-Gassis et al. 2019,Chaetoceros,simplex,CCMP200,diatoms,31,0.797856713
684,Aranguren-Gassis et al. 2019,Chaetoceros,simplex,CCMP200,diatoms,32,0.667691102
684,Aranguren-Gassis et al. 2019,Chaetoceros,simplex,CCMP200,diatoms,32,0.776733296
684,Aranguren-Gassis et al. 2019,Chaetoceros,simplex,CCMP200,diatoms,32,0.722895008
684,Aranguren-Gassis et al. 2019,Chaetoceros,simplex,CCMP200,diatoms,32,0.704299627
684,Aranguren-Gassis et al. 2019,Chaetoceros,simplex,CCMP200,diatoms,34,0.03151372
684,Aranguren-Gassis et al. 2019,Chaetoceros,simplex,CCMP200,diatoms,34,0.102729975
